{"type":"FeatureCollection","features":[{"type":"Feature","properties":{"bsc_id":"EELC","Name":"_A","Area":"East England","DNO_Full":"UK Power Networks"},"geometry":{"type":"MultiPolygon","coordinates":[[[[0.8747049394155619,51.51297988456753],[0.8765338654976035,51.51295300750325],[0.8768569580892108,51.51281916289139],[0.8739601976741062,51.512827259709866],[0.8747049394155619,51.51297988456753]]],[[[0.2668696070531513,52.81240346321454],[0.2659639815795705,52.812106065487754],[0.26507792721895995,52.811907192032486],[0.2668696070531513,52.81240346321454]]],[[[0.2668696070531513,52.81240346321454],[0.2955046230919132,52.821467441291205],[0.3535152090082132,52.810301838578255],[0.4364399337806906,52.85142531654599],[0.439521158188909,52.87453970465957],[0.4817866327236978,52.947755688677105],[0.5388677857360455,52.98106400662119],[0.6182788267107955,52.978497421573955],[0.6741748435292413,52.99355122482498],[0.8039697817721779,52.98045780449209],[0.9816034477681783,52.98547148284197],[1.1321104315117045,52.95621359038391],[1.3018825942693348,52.93840271338722],[1.4394138542801924,52.88559139836927],[1.597591330466917,52.80149947803897],[1.694251185863594,52.73666797252092],[1.7114188451416636,52.71799280939148],[1.7525443854643132,52.630607029827225],[1.7425381647126656,52.562541565855994],[1.768189127005553,52.480748026320455],[1.7409394985235433,52.44802489637456],[1.7389395572763007,52.404060310319466],[1.7311796675866513,52.38885365438048],[1.6819747510933585,52.312750255604314],[1.64076101513597,52.27864787308164],[1.628831536506119,52.184940695502476],[1.6124367033884803,52.15886858164739],[1.5878776960513612,52.08549032334328],[1.480062912559789,52.04778080612325],[1.4340987101804372,52.00035507925262],[1.3467807242075096,51.9499968082764],[1.3231951831925362,51.92814456840363],[1.3111893159490227,51.930527187580964],[1.2997589705039418,51.951862993459095],[1.2902958216034066,51.95524107194262],[1.2795491768703149,51.952986447419995],[1.2957344589001838,51.951512293644925],[1.3033194017527105,51.93420581070081],[1.285852934703633,51.930180886374664],[1.2646948840460968,51.90770937134185],[1.2967018676753985,51.87630297118533],[1.297371153168228,51.86452950586503],[1.2838630469182626,51.840364581462936],[1.2678050925927113,51.83736831207198],[1.2185282763471141,51.80366071582514],[1.1172188162719137,51.768459656504916],[1.0432872908430784,51.7643642428022],[0.9934246095603289,51.783363161368484],[0.9177498880624981,51.76742154723486],[0.8810480753660116,51.75125116012469],[0.8851668559738927,51.74541672132088],[0.9290879235554784,51.75157883748814],[0.955123097969227,51.73769486610179],[0.9494843510182767,51.700002419164754],[0.9567461711726668,51.68257073000564],[0.9421497818189901,51.64545900219651],[0.9742819708188442,51.62099027905007],[0.9184823939598409,51.579279834974386],[0.7892778717456518,51.517313123978745],[0.7284200995523534,51.52503736316853],[0.7288742050787366,51.51255712339287],[0.7203169299389506,51.509402947533935],[0.7058691187075951,51.52718629549387],[0.6673046994926001,51.53236450973364],[0.6160879024524645,51.50959694832668],[0.45834496827945026,51.499145540262234],[0.4477849851227299,51.49114692598714],[0.4385340401165929,51.45864087132097],[0.38926086930518083,51.44764283743078],[0.39963950272445997,51.44681480961044],[0.3483433106281372,51.44778754840338],[0.3118395141680381,51.469842070843065],[0.2699329698396003,51.45825933811172],[0.21499624064773004,51.488565450910194],[0.18626158191616807,51.4871263331996],[0.1735083642022038,51.50669822121233],[0.13277876249816312,51.517951943679925],[0.13506590703630406,51.53659946505538],[0.12407141983735183,51.56219230270406],[0.13393459438078875,51.58337990209543],[0.11398274486205422,51.60549742916723],[0.1292246437213157,51.621030119617515],[0.09296473372957495,51.66406296721453],[0.06802892534424065,51.6769448978996],[0.04355679380135031,51.664772289143166],[0.0184131017015778,51.62278300625311],[-0.008089737038342239,51.60891031287881],[-0.03205797830191912,51.60701616196591],[-0.06008357491300307,51.575595923787446],[-0.09715868841278938,51.57546413131479],[-0.10478495914604771,51.564588471549264],[-0.1198937807232655,51.5754574486218],[-0.1770766662461806,51.57092431378453],[-0.2058127116982546,51.55531129370919],[-0.24427598818131138,51.57258655771507],[-0.26478784649741827,51.561504957651216],[-0.278528946553559,51.54030352529754],[-0.30277449944207424,51.531910543264665],[-0.3080313339686187,51.546162826794216],[-0.3475604985295279,51.559642131250335],[-0.40833730441377464,51.54178161272394],[-0.437258352917791,51.54824575413759],[-0.43805954872290476,51.56989496113439],[-0.45693353792738634,51.59326095808229],[-0.44801514183448715,51.59656836907854],[-0.45168481776336566,51.61061030414323],[-0.49642601657650176,51.631762512424366],[-0.4966960965640066,51.60140306171139],[-0.5206868308348307,51.601960621711676],[-0.5392395078963815,51.63804231576628],[-0.5218206141949636,51.65451383721129],[-0.5309704053458159,51.66045994995727],[-0.5636460176050476,51.66855728383646],[-0.5849257903678715,51.64984859156284],[-0.5993595647956614,51.65002161577016],[-0.5997974658434483,51.635806691073306],[-0.6088625311101629,51.62860997780921],[-0.6222659790325016,51.6289316922788],[-0.6576058381748578,51.635663321398795],[-0.6572649181110761,51.64609429478134],[-0.6718952020655811,51.646260651115405],[-0.6716717122717972,51.654734985100305],[-0.6920028837991737,51.65494730628133],[-0.7311449272048431,51.675607826123745],[-0.738064537830709,51.69213632041933],[-0.7664135465110917,51.69611722055656],[-0.7838771680187642,51.68913853822958],[-0.8035286370707273,51.656760710802025],[-0.8332366281762358,51.65704779855201],[-0.8772874225681483,51.68116119626631],[-0.8954747706092996,51.67236666365548],[-0.910191162006885,51.67630435988528],[-0.9067382395423857,51.68374469967176],[-0.9506044285026252,51.733476486323624],[-0.9602947690166354,51.73472970592319],[-0.965334504366592,51.72182213278424],[-0.9824357995707583,51.71340315940229],[-1.006480304335057,51.72237640583448],[-1.0272344749839828,51.72062855511454],[-1.0203461510450609,51.733916657245615],[-1.0314391750386092,51.743453628119035],[-1.0808575379029393,51.75654965956914],[-1.0806871675118028,51.772835177954],[-1.1220251728168207,51.78704391124941],[-1.117404380241869,51.79917795428415],[-1.1249222894650621,51.80752336806724],[-1.1099822155261667,51.81727637001544],[-1.1407312070267441,51.83468813072555],[-1.121665908111496,51.84536105109117],[-1.0726226121863947,51.83403041381903],[-1.0724052604673964,51.84313578944842],[-1.0598237401404011,51.84316737186451],[-1.0692632508486704,51.874650824424],[-1.0387687486153336,51.87657179528861],[-1.029278625222591,51.89064713787781],[-0.9762121237655864,51.90158418706873],[-0.9223318540346495,51.888161114093194],[-0.8966481064266447,51.89138317396585],[-0.8895700906196119,51.87952706125105],[-0.871120490471892,51.882155615361384],[-0.8665434946220537,51.892865043903484],[-0.805656091788541,51.898091135825055],[-0.8013874137824673,51.89066273330161],[-0.7927148279706642,51.902381801586984],[-0.7648332260176594,51.903519071757465],[-0.7327552822098047,51.92320844089713],[-0.7549957174499311,51.940180511452844],[-0.7295747746070022,51.94783938126698],[-0.7530903938543968,51.96300750494251],[-0.7479024995592195,51.968234386291954],[-0.720264548117487,51.97604359253701],[-0.7135781802597367,51.95698612229124],[-0.7028629712166452,51.9568685798351],[-0.707088863007324,51.95244886819766],[-0.6557319669695226,51.96079974010208],[-0.6459467425532255,51.97224923799793],[-0.6556213996227198,51.98777675880772],[-0.66911846735104,51.98793003393168],[-0.6688519722405719,51.99691831190416],[-0.6438240796369015,52.01109899885495],[-0.6497351800286228,52.01636313217931],[-0.6402664420031604,52.023667091158025],[-0.6421623710536151,52.0411342236343],[-0.6526638980326706,52.04437292512063],[-0.6520761162975609,52.06306610687588],[-0.6057320073958214,52.09204503572021],[-0.595154479614911,52.10772216773554],[-0.5881159909886908,52.10041628916318],[-0.5831774710316614,52.104584559308854],[-0.6071419960895135,52.13382329435171],[-0.6423463979284731,52.14500514144655],[-0.6420796763330099,52.15335917479761],[-0.6307915430039158,52.155210845992706],[-0.629972771977711,52.1787483741825],[-0.6168136217796321,52.19643855387078],[-0.5962753651169505,52.19880966884727],[-0.5833675665236246,52.21066098995085],[-0.5513833106895557,52.21023670897293],[-0.5404439184404934,52.22012974831584],[-0.5200410280197663,52.219400453305404],[-0.51447860465249,52.20199641493915],[-0.4873745843017126,52.20578070882309],[-0.44918491424550233,52.26026928011057],[-0.4528124454738532,52.270667213871434],[-0.4781813845403083,52.27600382699507],[-0.4604303336736268,52.28648094066319],[-0.49604277806468444,52.297719892477254],[-0.49070401460281626,52.30430134007024],[-0.5200594536662201,52.316750260199875],[-0.46741823558102336,52.32231111891753],[-0.46654737896153287,52.33888455994633],[-0.48316627460366224,52.34089955490311],[-0.4773516960953562,52.34851817626182],[-0.4995535403716408,52.3667837691258],[-0.47007373380278217,52.373772481310915],[-0.4682870752376657,52.38278318837279],[-0.432251723298692,52.38641754624308],[-0.43297894477912663,52.39623320222754],[-0.4157556646385271,52.403732301174166],[-0.41710137441651607,52.41155756168763],[-0.36230248172642776,52.43348702157233],[-0.37022550909219054,52.43993569386184],[-0.3412637370476286,52.46691936656523],[-0.3594279135604449,52.49001772607036],[-0.34962105279751743,52.508387713316296],[-0.41348451894512256,52.52536828250532],[-0.4026503727853664,52.53481123133233],[-0.4018328057132164,52.54793167593277],[-0.4195101212847147,52.558953493860464],[-0.40727206389776416,52.563963511020035],[-0.4157032810907889,52.57007144252104],[-0.4134612819847146,52.58119988887085],[-0.3964339925419142,52.582851723406364],[-0.3885380895084163,52.56892953139246],[-0.3757456251453362,52.566267262442864],[-0.35478447814035335,52.58844109053895],[-0.3568118728897214,52.60880827332402],[-0.34744551870708257,52.60867796685228],[-0.34717851151940066,52.61774163690566],[-0.35716198752084155,52.61788114442963],[-0.35894080697190606,52.64783813612289],[-0.30833979944819656,52.63792420075936],[-0.3085283805482554,52.6471010332603],[-0.2775400270594451,52.650985657843734],[-0.274313846441596,52.64714942813854],[-0.2865335699695837,52.645258462871446],[-0.28404182348397644,52.63015185330561],[-0.2682419080031229,52.63387393574556],[-0.2653154418946421,52.62313549798456],[-0.247514012418379,52.61482198964019],[-0.19004107323390285,52.61543308069703],[-0.19086385975968054,52.62723717637504],[-0.16594274258429545,52.62662811063792],[-0.15070292095673174,52.647349918181206],[-0.11334930521092892,52.66769290966304],[-0.06350363855326444,52.67505701893262],[-0.032112762841379934,52.66510964869245],[-0.02449265327470936,52.63000820454392],[-0.008964670509153592,52.63355843568448],[-0.015007799475064363,52.65761207948872],[0.016717549026546978,52.66138567323349],[0.0505490621113648,52.682784690570394],[0.04799024214909923,52.718728780351114],[0.065557548427137,52.7291265671825],[0.12501672370022887,52.73200953181702],[0.15821792768082635,52.74256300183971],[0.1848162772500869,52.735609810726864],[0.22845914368213593,52.7529618913564],[0.2721867800473277,52.772752517546756],[0.24512364333715195,52.78443441867117],[0.2608385146915031,52.79591395694241],[0.25312458402860377,52.79721804461],[0.2668696070531513,52.81240346321454]]]]}},{"type":"Feature","properties":{"bsc_id":"EMEB","Name":"_B","Area":"East Midlands","DNO_Full":"National Grid Electricity Distribution"},"geometry":{"type":"Polygon","coordinates":[[[0.2668696070531513,52.81240346321454],[0.25312458402860377,52.79721804461],[0.2608385146915031,52.79591395694241],[0.24512364333715195,52.78443441867117],[0.2721867800473277,52.772752517546756],[0.22845914368213593,52.7529618913564],[0.1848162772500869,52.735609810726864],[0.15821792768082635,52.74256300183971],[0.12501672370022887,52.73200953181702],[0.065557548427137,52.7291265671825],[0.04799024214909923,52.718728780351114],[0.0505490621113648,52.682784690570394],[0.016717549026546978,52.66138567323349],[-0.015007799475064363,52.65761207948872],[-0.008964670509153592,52.63355843568448],[-0.02449265327470936,52.63000820454392],[-0.032112762841379934,52.66510964869245],[-0.06350363855326444,52.67505701893262],[-0.11334930521092892,52.66769290966304],[-0.15070292095673174,52.647349918181206],[-0.16594274258429545,52.62662811063792],[-0.19086385975968054,52.62723717637504],[-0.19004107323390285,52.61543308069703],[-0.247514012418379,52.61482198964019],[-0.2653154418946421,52.62313549798456],[-0.2682419080031229,52.63387393574556],[-0.28404182348397644,52.63015185330561],[-0.2865335699695837,52.645258462871446],[-0.274313846441596,52.64714942813854],[-0.2775400270594451,52.650985657843734],[-0.3085283805482554,52.6471010332603],[-0.30833979944819656,52.63792420075936],[-0.35894080697190606,52.64783813612289],[-0.35716198752084155,52.61788114442963],[-0.34717851151940066,52.61774163690566],[-0.34744551870708257,52.60867796685228],[-0.3568118728897214,52.60880827332402],[-0.35478447814035335,52.58844109053895],[-0.3757456251453362,52.566267262442864],[-0.3885380895084163,52.56892953139246],[-0.3964339925419142,52.582851723406364],[-0.4134612819847146,52.58119988887085],[-0.4157032810907889,52.57007144252104],[-0.40727206389776416,52.563963511020035],[-0.4195101212847147,52.558953493860464],[-0.4018328057132164,52.54793167593277],[-0.4026503727853664,52.53481123133233],[-0.41348451894512256,52.52536828250532],[-0.34962105279751743,52.508387713316296],[-0.3594279135604449,52.49001772607036],[-0.3412637370476286,52.46691936656523],[-0.37022550909219054,52.43993569386184],[-0.36230248172642776,52.43348702157233],[-0.41710137441651607,52.41155756168763],[-0.4157556646385271,52.403732301174166],[-0.43297894477912663,52.39623320222754],[-0.432251723298692,52.38641754624308],[-0.4682870752376657,52.38278318837279],[-0.47007373380278217,52.373772481310915],[-0.4995535403716408,52.3667837691258],[-0.4773516960953562,52.34851817626182],[-0.48316627460366224,52.34089955490311],[-0.46654737896153287,52.33888455994633],[-0.46741823558102336,52.32231111891753],[-0.5200594536662201,52.316750260199875],[-0.49070401460281626,52.30430134007024],[-0.49604277806468444,52.297719892477254],[-0.4604303336736268,52.28648094066319],[-0.4781813845403083,52.27600382699507],[-0.4528124454738532,52.270667213871434],[-0.44918491424550233,52.26026928011057],[-0.4873745843017126,52.20578070882309],[-0.51447860465249,52.20199641493915],[-0.5200410280197663,52.219400453305404],[-0.5404439184404934,52.22012974831584],[-0.5513833106895557,52.21023670897293],[-0.5833675665236246,52.21066098995085],[-0.5962753651169505,52.19880966884727],[-0.6168136217796321,52.19643855387078],[-0.629972771977711,52.1787483741825],[-0.6307915430039158,52.155210845992706],[-0.6420796763330099,52.15335917479761],[-0.6423463979284731,52.14500514144655],[-0.6071419960895135,52.13382329435171],[-0.5831774710316614,52.104584559308854],[-0.5881159909886908,52.10041628916318],[-0.595154479614911,52.10772216773554],[-0.6057320073958214,52.09204503572021],[-0.6520761162975609,52.06306610687588],[-0.6526638980326706,52.04437292512063],[-0.6421623710536151,52.0411342236343],[-0.6402664420031604,52.023667091158025],[-0.6497351800286228,52.01636313217931],[-0.6438240796369015,52.01109899885495],[-0.6688519722405719,51.99691831190416],[-0.66911846735104,51.98793003393168],[-0.6556213996227198,51.98777675880772],[-0.6459467425532255,51.97224923799793],[-0.6557319669695226,51.96079974010208],[-0.707088863007324,51.95244886819766],[-0.7028629712166452,51.9568685798351],[-0.7135781802597367,51.95698612229124],[-0.720264548117487,51.97604359253701],[-0.7479024995592195,51.968234386291954],[-0.7530903938543968,51.96300750494251],[-0.7295747746070022,51.94783938126698],[-0.7549957174499311,51.940180511452844],[-0.7327552822098047,51.92320844089713],[-0.7648332260176594,51.903519071757465],[-0.7927148279706642,51.902381801586984],[-0.8013874137824673,51.89066273330161],[-0.805656091788541,51.898091135825055],[-0.8665434946220537,51.892865043903484],[-0.871120490471892,51.882155615361384],[-0.8895700906196119,51.87952706125105],[-0.8966481064266447,51.89138317396585],[-0.9223318540346495,51.888161114093194],[-0.9762121237655864,51.90158418706873],[-1.029278625222591,51.89064713787781],[-1.0387687486153336,51.87657179528861],[-1.0569752340786667,51.8757239954045],[-1.0581273480782751,51.88553259187681],[-1.093505276814536,51.893936223670146],[-1.079325404286574,51.917213240557004],[-1.0865107461862193,51.92265114923555],[-1.0706542990457244,51.927388396702916],[-1.077586780785816,51.93180566530871],[-1.0621193259897403,51.93527496502141],[-1.054552378788436,51.94794689508046],[-1.0787554284873113,51.94340376991371],[-1.095237681308374,51.95706417453321],[-1.0529722728341662,52.00233320582508],[-1.0596507114725047,52.00834148704853],[-1.0882959581407858,52.005834273175985],[-1.095709352035093,52.01486522529886],[-1.1150736723658183,52.016430772710166],[-1.1341140244871954,51.99813636936692],[-1.1962045250634161,51.97755317827576],[-1.2184914406427916,51.98031531634542],[-1.2306014890366812,51.99493591747024],[-1.2440670482596585,51.993022457871106],[-1.2441745652026974,51.985696248036234],[-1.2833208212574778,51.97955835294121],[-1.2888165780726355,51.9896917528199],[-1.2783277874434427,52.015493221955566],[-1.2952271592186861,52.02863249380159],[-1.2948428506721918,52.04041314923631],[-1.3129067398999688,52.051442550108796],[-1.2975069026112092,52.078047772272555],[-1.3182573893398075,52.079856701381296],[-1.321263278446143,52.08700319567749],[-1.251766888822034,52.101454873205114],[-1.330947715076749,52.16814983771986],[-1.3342233140457302,52.15911886358939],[-1.3585906159018464,52.164918113809655],[-1.3794132797738758,52.15566204569419],[-1.4101799806677333,52.15769117165571],[-1.4395564761055117,52.141674234575035],[-1.4755953361407426,52.14994766517554],[-1.4769652113572576,52.135563308838755],[-1.4944360069273979,52.1294621113811],[-1.514748326271481,52.13551000185592],[-1.5212140224319246,52.15487209635263],[-1.545129487792205,52.14950857419476],[-1.6032625152933209,52.15907056812707],[-1.5996849560038588,52.17886301638555],[-1.618015943311963,52.175081812518606],[-1.636568087326126,52.18190705945038],[-1.6599140498894773,52.214251572711724],[-1.6913333501443704,52.2106813330888],[-1.8331202774294224,52.27241611090178],[-1.8064271032664647,52.28780139775371],[-1.8386356678475608,52.30055301138936],[-1.8443806818984032,52.31918687442168],[-1.745465673043074,52.31435611237919],[-1.7223830260427613,52.33752173248789],[-1.6827403159029166,52.3317121274938],[-1.6847278365690181,52.344694333631764],[-1.6942423947308607,52.35066673156761],[-1.6841402203362037,52.36327010235021],[-1.6550425011162022,52.35588676824557],[-1.631684430749082,52.36573653467167],[-1.6560214414449945,52.408575198071794],[-1.6748989008724828,52.41472915064869],[-1.6311168509140015,52.492151170741046],[-1.6184975132520965,52.49212812299878],[-1.6228088015843454,52.50813724380914],[-1.6128441253321177,52.509013100954405],[-1.6035473596185439,52.52233930064322],[-1.6299589818568074,52.546082948052884],[-1.6959538745658103,52.53655785379266],[-1.685878301998133,52.543448650794375],[-1.692153706661009,52.547014600252616],[-1.6888162327006977,52.55605638391121],[-1.7653833179530947,52.562206072707504],[-1.7636332006400735,52.570799441260924],[-1.7780363920785005,52.575233882923946],[-1.7977275823631222,52.59762018560478],[-1.7852674078734012,52.6119631539324],[-1.7874029767081152,52.62834589361628],[-1.7799757733167128,52.640182589069774],[-1.7577152414325987,52.63802361512516],[-1.7612262387388637,52.64701738055163],[-1.7519818564760568,52.65626382839731],[-1.7332593858026693,52.653686573380796],[-1.7204558208088123,52.669345239798346],[-1.696589487166675,52.66970865168999],[-1.6907117687993898,52.7033918068814],[-1.7297729632266954,52.710295137411514],[-1.726288041572513,52.728769556997676],[-1.7175302254607931,52.73336901391366],[-1.754105635869323,52.7403645808454],[-1.7793234063946186,52.75718874066825],[-1.768905985862883,52.767435708860724],[-1.7789729313579816,52.7954278028181],[-1.8234621819174082,52.794202963322604],[-1.823525487013265,52.80448640381574],[-1.834151888605197,52.80455529996927],[-1.823461287452916,52.81312429633597],[-1.8234820386628372,52.82993080968177],[-1.8493839924538757,52.85258704242132],[-1.9094060247507663,52.87197809788143],[-1.9309499611258136,52.869423225720304],[-1.9521020446983888,52.886048970815125],[-1.9473939562772957,52.89668659960522],[-1.904775460165386,52.92146236476316],[-1.9012997899770816,52.932022991464805],[-1.8645053414894592,52.93929850035274],[-1.8765965916671157,52.95993976224619],[-1.8721313920755605,52.963702600348874],[-1.8798739986026967,52.96729346668676],[-1.8674341058789417,52.973958037835224],[-1.8680499268460042,52.98499445033044],[-1.849068954889223,52.98415225149218],[-1.8418811311202494,52.99696945465842],[-1.7962533993594514,53.00226150425069],[-1.790708221987975,53.00747771579853],[-1.79469643269208,53.02052654378822],[-1.758817727582398,53.03681763534715],[-1.8114310908040803,53.05238957731316],[-1.8099133930030187,53.06039388493327],[-1.7851937456506757,53.060366957827256],[-1.7942256278495132,53.08856891035319],[-1.7819334760842036,53.09374884983325],[-1.7862571197738373,53.10798412999428],[-1.822074200620525,53.13702647496409],[-1.8208124717032101,53.1682061468248],[-1.8740638943735515,53.19547580726798],[-1.8885194934064091,53.194253064750924],[-1.8847173698249438,53.1991273377407],[-1.909283083670251,53.198800459301694],[-1.9567601587592949,53.21381150038831],[-1.9624639447345835,53.22618511657933],[-1.9873459920135867,53.213666842844255],[-1.9902481794218245,53.223036587215375],[-1.9752283962005142,53.228003048781964],[-1.978137344784479,53.232406026268414],[-1.9315834877073523,53.23241966810551],[-1.897821093494766,53.24213343408125],[-1.8939610532854618,53.25181623176986],[-1.8705421576753232,53.24643657396215],[-1.7901906783153543,53.25635763315963],[-1.8245748513552418,53.29880478837723],[-1.7688597457764326,53.2987448439579],[-1.7687824211007261,53.31226366674188],[-1.809663509500085,53.31233926039387],[-1.7606418356794518,53.3381393010743],[-1.6855055665043035,53.33561011736706],[-1.670875009943941,53.34953519849068],[-1.6733698034043607,53.369253346172194],[-1.6631582491106653,53.38387794091459],[-1.6542417033138876,53.3838524714729],[-1.6635749808532898,53.36664876724604],[-1.5906369463974945,53.34589976824748],[-1.6122061443981595,53.343129434805135],[-1.6328503411041568,53.32079001164381],[-1.6282200990030016,53.31646559300685],[-1.6111152517465046,53.32182060703244],[-1.6112074005509178,53.31167480344616],[-1.592839060020268,53.30404878043705],[-1.5244700995340374,53.309929925620914],[-1.5035465105969528,53.28536653514784],[-1.4537558680210667,53.28418852594367],[-1.4671116372957314,53.29254923324223],[-1.4479445596551042,53.3086373230273],[-1.4285428646608838,53.30852587468328],[-1.423809610774826,53.31956539637172],[-1.4138080038176792,53.31850017411627],[-1.4233329809061723,53.33709832984297],[-1.4110925040932605,53.341787135134275],[-1.3899502482007795,53.33591119882414],[-1.3716875378939852,53.34066740103518],[-1.3477886360295943,53.33001903419277],[-1.2989978346772348,53.33250813265233],[-1.2884969014930514,53.32619036788688],[-1.295592303787947,53.32070598144724],[-1.2913686749151094,53.309280874127445],[-1.2541305771674705,53.30192066949073],[-1.24199858368114,53.302205392722605],[-1.2359984240823845,53.31082790841611],[-1.2005935903101452,53.30435683907529],[-1.1847636040009566,53.32134129076335],[-1.1365787029692078,53.34044892017485],[-1.1036310042162027,53.326173632323425],[-1.0841709649643159,53.32630495569997],[-1.0586879353219238,53.3344278674066],[-1.063896121483772,53.34135417825248],[-1.032910854584205,53.34870786750946],[-1.0500003746172175,53.36289881255063],[-1.0409196855651792,53.368250180761294],[-1.0444034932890012,53.377360379523495],[-1.0306590679372698,53.401536942415],[-1.0400022266611106,53.409612326778685],[-1.0124429444929912,53.43267958877743],[-0.9958061489493413,53.436832059339665],[-0.9831656013587184,53.46794322286938],[-1.0192119979196332,53.48372105622519],[-1.0117667723533805,53.49029453435951],[-0.9898058557082213,53.487303287664865],[-0.9768488837894904,53.49683832642659],[-0.9279815280940009,53.496410133409334],[-0.9147761452294028,53.48628308976083],[-0.9162197029618567,53.460266707702694],[-0.8721871242959428,53.466331448360414],[-0.8041018797053012,53.45678347143003],[-0.805670646966837,53.446970476312536],[-0.8208632756344149,53.44051114041184],[-0.8183460100868136,53.427044537475275],[-0.7883820434432887,53.41494598217152],[-0.7764696812902004,53.39142215881853],[-0.7903560399635696,53.38570814759336],[-0.7751951273849254,53.37786752159442],[-0.7909599187146464,53.3634660746457],[-0.7741063223215865,53.36429319527895],[-0.758943214707644,53.35397271523123],[-0.7649375267532065,53.34589337179886],[-0.7567884225927217,53.3395477168868],[-0.7663794644180589,53.329845004204635],[-0.7497290043862712,53.32360892843338],[-0.7503438965791283,53.29416005283518],[-0.7632050405903521,53.29949176783503],[-0.7781685688428238,53.2838435928712],[-0.7641309545391125,53.27322734514702],[-0.7729962893590824,53.26105534618699],[-0.7700660064578022,53.25310664873508],[-0.7784465417957279,53.251974137294894],[-0.7709645275552587,53.24619461900016],[-0.735129462820519,53.243920103248215],[-0.7346311040891019,53.26527597785494],[-0.712006712139365,53.267672756450835],[-0.7122903737917783,53.25823034820507],[-0.6810890577659948,53.26318172011915],[-0.6775606267308614,53.27592450769898],[-0.6907799811905451,53.280507964081416],[-0.6970693754670899,53.299282528931585],[-0.6441412106155031,53.29801711458868],[-0.6383464815418524,53.31018388848116],[-0.6439351566137296,53.318049561951774],[-0.6321511698767628,53.32249897795643],[-0.6318661074488919,53.33141096033936],[-0.5417330541140583,53.33263661654931],[-0.4694778580493654,53.34089131230786],[-0.469240571162234,53.34751675043567],[-0.4421333451623606,53.33965166206599],[-0.35980400362264636,53.34104365012744],[-0.34548314452310624,53.32284014704281],[-0.31251043931636413,53.33210721128603],[-0.2994211414222942,53.32537577931507],[-0.2770855330550383,53.340451231409915],[-0.24494412974787552,53.33998582799466],[-0.21369558747470066,53.3229632351801],[-0.22319593681496078,53.320089902083794],[-0.21079193724126716,53.29827388842692],[-0.1873919221608074,53.303634017136154],[-0.14677500516972913,53.2944661966173],[-0.1335943413160201,53.307504885034284],[-0.11286605872584811,53.30424475408892],[-0.08756825137778847,53.31468699996217],[-0.056444373088246666,53.295013861997376],[-0.056403078385418616,53.28061553019203],[-0.03834876184284421,53.26846022682757],[0.021708787186867366,53.270126418487166],[0.018773204141449323,53.277601104018075],[0.028359066774117966,53.279948760611724],[0.04964975115403867,53.271254289155884],[0.058512812106550516,53.27638396781385],[0.06591443194380692,53.2737806315636],[0.06282720139693838,53.26642246559172],[0.1078657356079846,53.260748490297054],[0.11125752983779909,53.25169404517306],[0.12649714127182715,53.250996788937506],[0.12745518612177886,53.26300176762124],[0.1535270833868089,53.28378295912402],[0.1305198364993732,53.29496370073054],[0.15616678284236393,53.301983379897955],[0.17549007807114916,53.32466708940841],[0.19702026740317077,53.329133370883596],[0.19734104913981176,53.33537381035763],[0.23574493093221996,53.35366419198659],[0.24066987101419712,53.358804030858074],[0.23290581725540896,53.36922646577633],[0.25116886696277957,53.37361986043627],[0.32932696676871653,53.27050458265611],[0.3636319212263321,53.194072589529995],[0.3472233183736576,53.09556705938008],[0.33786239564189774,53.08717941584743],[0.30401286201349487,53.08397365725707],[0.16100473325931225,53.0071102128828],[0.09057853556641715,52.95256828883058],[0.08345938131584531,52.92898162338573],[0.050840000804459745,52.908908991921116],[0.17735518454893962,52.87870723246192],[0.22227358415440826,52.824341320095925],[0.27005025111953523,52.81751281639322],[0.2668696070531513,52.81240346321454]],[[0.2668696070531513,52.81240346321454],[0.26507792721895995,52.811907192032486],[0.2659639815795705,52.812106065487754],[0.2668696070531513,52.81240346321454]]]}},{"type":"Feature","properties":{"bsc_id":"LOND","Name":"_C","Area":"London","DNO_Full":"UK Power Networks"},"geometry":{"type":"Polygon","coordinates":[[[-0.24421154822471353,51.48843623654295],[-0.25464307524454755,51.50394132323179],[-0.2456571264112206,51.504549363384854],[-0.2468165957401292,51.53318355773873],[-0.2906652940455173,51.53334017353115],[-0.27218999884646544,51.54477140861866],[-0.2583937925949935,51.56674058929649],[-0.23559102628603695,51.572542291413114],[-0.2058127116982546,51.55531129370919],[-0.1770766662461806,51.57092431378453],[-0.1198937807232655,51.5754574486218],[-0.10478495914604771,51.564588471549264],[-0.09715868841278938,51.57546413131479],[-0.06008357491300307,51.575595923787446],[-0.03205797830191912,51.60701616196591],[-0.008089737038342239,51.60891031287881],[0.0184131017015778,51.62278300625311],[0.04355679380135031,51.664772289143166],[0.06802892534424065,51.6769448978996],[0.09296473372957495,51.66406296721453],[0.1292246437213157,51.621030119617515],[0.11398274486205422,51.60549742916723],[0.13393459438078875,51.58337990209543],[0.12407141983735183,51.56219230270406],[0.13506590703630406,51.53659946505538],[0.13277876249816312,51.517951943679925],[0.1735083642022038,51.50669822121233],[0.18626158191616807,51.4871263331996],[0.21499624064773004,51.488565450910194],[0.2448917398184319,51.47250203807632],[0.23650554720409891,51.46531119868158],[0.23438708681948606,51.45647838255774],[0.2417119693426412,51.453793826060526],[0.2366092380484279,51.448428866568214],[0.2553638588275557,51.43808562031245],[0.1873972166863092,51.432905595373164],[0.16174258986543336,51.421177589038976],[0.15981320616263328,51.408239958225984],[0.14899521084541148,51.412276646062196],[0.15363940330549555,51.435297750419885],[0.12278360073403272,51.43228141487212],[0.11998414237546787,51.41362043747089],[0.0818681762180776,51.41296944931703],[0.08460122901685795,51.407971015215466],[0.06626181583282416,51.398882493752616],[0.047489343291544556,51.3678683035933],[0.031142571656980506,51.367180914558745],[0.016778192719741788,51.395476253782654],[-0.02689436767713408,51.381749722706004],[-0.059296509938509996,51.39731280285673],[-0.07853118253942698,51.419805014997856],[-0.09466198175134846,51.42281055812833],[-0.11975643653984994,51.41877216575528],[-0.13246278932555342,51.408421056796314],[-0.12422375613831195,51.397654520647635],[-0.14086509759147242,51.38764153850999],[-0.1748442253388862,51.3934891286204],[-0.18844184980517656,51.385423811389366],[-0.20979041889453948,51.38829176101017],[-0.21816903644476346,51.38018493983717],[-0.23371509493171333,51.38820321018562],[-0.2582101870331588,51.37892677027417],[-0.27641076434104717,51.39919436718728],[-0.28964269084464217,51.401393904324564],[-0.2781534645624454,51.419069691063875],[-0.2894518636587175,51.42632599669734],[-0.2768440491421582,51.42477871399626],[-0.25310760993636316,51.44427280200195],[-0.29066999543041755,51.447055886703794],[-0.2766720912005119,51.46940357155595],[-0.2813252661241223,51.47816990027628],[-0.25738938215432566,51.471807874286334],[-0.24421154822471353,51.48843623654295]]]}},{"type":"Feature","properties":{"bsc_id":"MANW","Name":"_D","Area":"North Wales, Merseyside and Cheshire","DNO_Full":"SP Energy Networks"},"geometry":{"type":"MultiPolygon","coordinates":[[[[-4.255002636833371,53.38794158699119],[-4.255908818257055,53.38801436420036],[-4.256106573332212,53.38890968366122],[-4.254914137120994,53.38911203499208],[-4.255002636833371,53.38794158699119]]],[[[-2.9665076917879625,53.702420515634834],[-2.9467858674206737,53.68800325902444],[-2.952740279251157,53.68211350869403],[-2.9424523032124177,53.67567826772503],[-2.9463367242486393,53.66763886510255],[-2.9396295161351387,53.65767848642359],[-2.979755094814607,53.62225637281854],[-2.9974733370705877,53.62667620378407],[-3.0328406664439247,53.59383718182011],[-3.031242523760769,53.58591394909561],[-2.9789762426427675,53.580566360181635],[-2.941615852209213,53.558245238325576],[-2.9317904211388615,53.5766627758984],[-2.8971573770638903,53.57522003041797],[-2.873998449697336,53.543563609091684],[-2.889132653562868,53.5333088468734],[-2.8886771021880837,53.52355503423326],[-2.8207066463778983,53.493882466986676],[-2.8226315793153907,53.50532979239633],[-2.7821110226120473,53.531120556328716],[-2.7685154371721548,53.51348320292205],[-2.7204265482799586,53.51060209227598],[-2.715656057481682,53.49912204579529],[-2.7293572400192243,53.49447498670619],[-2.6977466553099347,53.46041706750987],[-2.631357863367222,53.44226985683128],[-2.626585360507403,53.43510407112625],[-2.53913979152302,53.45204435766191],[-2.5338001842446554,53.44211661607285],[-2.5426328013063033,53.41872847430226],[-2.5294447813559304,53.411847988037444],[-2.502415860439409,53.41605235197454],[-2.5069249725914218,53.40508190301534],[-2.4887018807259675,53.39301058261897],[-2.448087801068295,53.41295649305471],[-2.4221959207309647,53.405973996174424],[-2.4214031964928355,53.38755594596016],[-2.3881723743133167,53.370770022639135],[-2.325722991784804,53.36070982896236],[-2.310353928215854,53.36629864455885],[-2.3121838172515243,53.38438028415438],[-2.291662659513965,53.38577137018569],[-2.2777380493695483,53.36830016698736],[-2.2890986639672315,53.36315544940326],[-2.2813799530248797,53.35512512779108],[-2.283784906339652,53.3396799410614],[-2.2676384312203917,53.329905835681906],[-2.265842427824622,53.31788669612408],[-2.286399622579016,53.30328443685221],[-2.301261177169384,53.30711015021691],[-2.3102013915226247,53.300181102690864],[-2.2708015100523884,53.28102082667718],[-2.2973531977834774,53.274744286521376],[-2.3050981223851545,53.22898926050347],[-2.263296580802235,53.20712136601221],[-2.219530722163036,53.19577512896097],[-2.211289070569342,53.179260087550205],[-2.2173567532712317,53.16917242915842],[-2.2450048695101184,53.17289270481876],[-2.250686773223164,53.165690040928084],[-2.2361840027722137,53.15405365427806],[-2.2061886534182573,53.15127365270281],[-2.186516854722191,53.13599489104044],[-2.247821593064832,53.090186638013314],[-2.2771021210029114,53.085860681803894],[-2.280750643578425,53.0781653184022],[-2.3182109015628436,53.08138341247316],[-2.347530574705743,53.05634257235845],[-2.3684923676835252,53.059761852192864],[-2.3800265581050177,53.048919644355315],[-2.3977980820432054,53.04745556526419],[-2.3840249772298443,53.041253819730855],[-2.386117879835888,53.03352790197936],[-2.3704592427102145,53.01456838496281],[-2.383055095059886,53.007704689905616],[-2.3810214735562907,52.99813860349109],[-2.4382507210710194,52.98537163191659],[-2.434707351224718,52.969395469206106],[-2.4813367856450075,52.9587824448905],[-2.494028712189397,52.968244155861406],[-2.523093053374151,52.9696928395926],[-2.529488390297831,52.947196700493265],[-2.561226990838708,52.964859599510326],[-2.5737893973189854,52.96245177953326],[-2.5761972341019033,52.94897179735619],[-2.566395147250294,52.93024641124451],[-2.5785697132542174,52.92369105674885],[-2.5673480078727486,52.92038375698894],[-2.5751549487174588,52.90945469141226],[-2.5684620795124027,52.88406831002093],[-2.6228782230516208,52.882085930816366],[-2.6381669784202018,52.8736404176844],[-2.6215270222361666,52.85418869735901],[-2.61892648306224,52.82632742083473],[-2.5712771299054484,52.83017511632093],[-2.549063689558247,52.80855018992857],[-2.5484219131054515,52.80045932477923],[-2.561461976019122,52.799150071884995],[-2.574598826652409,52.80942269677001],[-2.603934309583585,52.80471662092021],[-2.603842861614966,52.79581347835574],[-2.592660282203655,52.793711858569424],[-2.592264881986088,52.77675957158254],[-2.653671852151817,52.77394830452108],[-2.653527336057474,52.76694697472208],[-2.6916001456689207,52.77529224921853],[-2.7229771496778596,52.76439028387121],[-2.741327462926876,52.77268080744215],[-2.7443522528582287,52.78715432379721],[-2.768410445823103,52.788196797846226],[-2.773519384075787,52.794862709414666],[-2.8155332305198333,52.78654725395623],[-2.809331143452805,52.7791839253157],[-2.8144367505091794,52.774820279926274],[-2.8015038566178525,52.77621050934986],[-2.811665319128391,52.763443637213406],[-2.8262701308340885,52.760098442588735],[-2.8533461387314474,52.76945736316484],[-2.883451951544571,52.76161332064658],[-2.8824719998955888,52.74806533105047],[-2.895709058585388,52.7463002619312],[-2.9641623344424213,52.749750536203216],[-2.9765679282084223,52.74371103818044],[-2.991441481674622,52.76829979535526],[-3.0049477775536433,52.76449550241926],[-3.007598299906044,52.754888789433075],[-3.0218484856607675,52.752073571676405],[-2.9921390456410872,52.74382156933361],[-2.997239236151221,52.73784322494496],[-2.9915065502427507,52.733764432659626],[-2.965178422341101,52.732228383247936],[-2.9666360687981332,52.726015667385845],[-2.958013131253225,52.72602409014091],[-2.961230667567512,52.71629951662442],[-2.978070962661794,52.715508718065855],[-2.9775835237890464,52.726480102560515],[-3.0005376018275873,52.72030081030253],[-3.020384744844401,52.725111548690755],[-3.0254446801207444,52.71516068730421],[-3.0199286099456075,52.70684337599899],[-3.0469282348059576,52.69116979995897],[-3.041573464095769,52.68851558613347],[-3.0456555058215358,52.67551822414151],[-3.0386346246173073,52.675296272661946],[-3.0512284259726448,52.64732869897788],[-3.0833992662930143,52.64124067401726],[-3.0598627703680403,52.630714502836256],[-3.073281738251074,52.62884991149012],[-3.093556422091971,52.60935081624511],[-3.0895147952892827,52.59960017749114],[-3.117304363609596,52.58584215671994],[-3.1394791891967215,52.58583077138894],[-3.1114881382641943,52.54142402342839],[-3.136913812676496,52.53410892699022],[-3.131306355871483,52.52589741267618],[-3.1576033060884656,52.51229368251429],[-3.145139707345484,52.48872333898496],[-3.180356247813968,52.473900401945954],[-3.1972283315454257,52.47585505738354],[-3.23073037751358,52.453146043800686],[-3.26151377821712,52.4632670473633],[-3.3462294029213715,52.43591130213263],[-3.36387396558507,52.44440115314065],[-3.403172862355976,52.43766363797584],[-3.396670892123643,52.43194588303086],[-3.4116296594293143,52.43031951249427],[-3.436826360746878,52.40345647504019],[-3.476689171575001,52.391375444637745],[-3.514222201019132,52.41175589083311],[-3.5548649907589653,52.392304303075896],[-3.573868037130304,52.37177051821582],[-3.593583064277473,52.371506243497805],[-3.5860014566891274,52.358086731078224],[-3.635342224934282,52.36996977467801],[-3.656897556542635,52.35566486164681],[-3.666356982564055,52.355531801132315],[-3.6778866483179162,52.3684073762688],[-3.7123377224527236,52.36163510454638],[-3.724351225885613,52.36628955761602],[-3.85255925512049,52.33827035764589],[-3.8546805573650964,52.332441892224246],[-3.9167682040107823,52.328069920723884],[-3.9443202476839385,52.30926780729305],[-3.9461953040128406,52.298129295845655],[-3.9621087140896947,52.30172941043201],[-3.960237532268411,52.312868138883104],[-3.986815517583537,52.32624104066381],[-4.01887659441891,52.3200900748815],[-4.033276770020593,52.29038324824455],[-4.075894192960783,52.262605828247395],[-4.113618278380597,52.274000418080185],[-4.130901518784778,52.28962716673826],[-4.174711774918002,52.30021412264819],[-4.1318695932184,52.34504422707233],[-4.098330039153205,52.399983984291644],[-4.086569198397551,52.44877273732119],[-4.059094045536824,52.48768968258566],[-4.066633618713487,52.523652749108635],[-4.062549408404237,52.53686450073657],[-4.080272259622232,52.54463819020909],[-4.137171021484341,52.610279533994365],[-4.102915982728465,52.669274260513575],[-4.065771583628076,52.690614594153054],[-4.064245353943508,52.71297488196633],[-4.158651909697676,52.807830954072195],[-4.158632153176806,52.81752459723764],[-4.136448541608367,52.83117333577977],[-4.127267572294749,52.849400253780566],[-4.155515476552808,52.888355565495345],[-4.1516003381040125,52.902086034685624],[-4.221050084241724,52.91334965058944],[-4.313623556188622,52.90507455203278],[-4.326730620280746,52.888141090017164],[-4.388237501969813,52.891066393999985],[-4.395540964768862,52.87920311845947],[-4.455801065424281,52.86688987083965],[-4.469072822454835,52.85668769366821],[-4.466357993391005,52.84578617981239],[-4.492045885371201,52.83403842601751],[-4.494538459845589,52.81639290609377],[-4.454279825452802,52.8064618668277],[-4.469067200172067,52.79255290127519],[-4.509136577056001,52.789674535884785],[-4.517056742486595,52.77886839495736],[-4.53488273041901,52.773706327251276],[-4.550392871541718,52.78628568448047],[-4.551885358656266,52.80176630661657],[-4.6063726639713245,52.82022533618628],[-4.637541167464427,52.798415415851494],[-4.668008686051682,52.79523622184961],[-4.695459385285123,52.77957480390882],[-4.757340143577045,52.782123303475345],[-4.781566338309149,52.752429589801345],[-4.811139073113012,52.74477070785566],[-4.804510338310055,52.769007877924956],[-4.786659815137845,52.77708051460687],[-4.77615910393902,52.79991583393659],[-4.734167191691157,52.83958658664641],[-4.732784133373608,52.8576943919535],[-4.703580641125633,52.86526017492959],[-4.695888194181317,52.878042759868585],[-4.676471899915842,52.88248211246306],[-4.656073354168914,52.90915059638439],[-4.636988875420502,52.912278438520424],[-4.57326305510584,52.952095561636625],[-4.556028673312633,52.94247131674517],[-4.520035801504608,52.94759591245997],[-4.442135748823452,53.00196739802085],[-4.4105659886380675,53.00576511441634],[-4.360859503467378,53.03778870452521],[-4.348567609931345,53.05557832431695],[-4.346038639074138,53.085207532953994],[-4.357152024864975,53.113975472506645],[-4.375724532539957,53.134311544740044],[-4.396988240964926,53.14119926247717],[-4.420105178470405,53.131487659663044],[-4.468046975497818,53.17803456622161],[-4.490259505787172,53.175843627309305],[-4.512302785522067,53.18496707953783],[-4.51326611552237,53.21427622937397],[-4.533730060944471,53.23321683787199],[-4.60542470380293,53.235193218152695],[-4.63505363299356,53.27488532343779],[-4.69296163657147,53.28402245796655],[-4.691521858135113,53.29632312686038],[-4.708673209430753,53.30844736924029],[-4.685999362970835,53.32742153474408],[-4.579610344082536,53.34174926312355],[-4.565904406658617,53.373939771493866],[-4.581753165126297,53.39798568370411],[-4.619281852497583,53.41800068421348],[-4.610431886546755,53.430089689833125],[-4.59843047347607,53.43159324074182],[-4.569747186759869,53.41644766299077],[-4.552281144666442,53.42290286276523],[-4.499445995303142,53.41966210104448],[-4.434451101643415,53.43975304128253],[-4.286468173631476,53.42073304367503],[-4.267914576206809,53.40534252831428],[-4.2574313807441495,53.3679066572534],[-4.219941960553757,53.36134785817093],[-4.212680812741227,53.32637887318186],[-4.198108929879241,53.31659729619494],[-4.203212869232251,53.3033152072077],[-4.153956498541406,53.310772829349254],[-4.120424130327245,53.32524422559005],[-4.07146657850007,53.319635749637165],[-4.015365139169249,53.32541204768616],[-4.093057881403058,53.25791242983404],[-4.079466931549807,53.236005084019354],[-4.040881772004735,53.24084575132069],[-3.986931997035812,53.26516574948964],[-3.8509129526809636,53.30273517538217],[-3.8528221360246753,53.31862738279547],[-3.8860661164844985,53.33565705861597],[-3.874110985806591,53.34743327289766],[-3.829809102560725,53.34330655533993],[-3.813231058078819,53.32916214673248],[-3.772319119878952,53.33403377530004],[-3.7140704534832527,53.30283410581606],[-3.6147124004295006,53.297574531620754],[-3.4825993947707126,53.33451863030322],[-3.319435383070478,53.3630434470626],[-3.305252335946805,53.35948263388055],[-3.2931151076057525,53.3382499957421],[-3.2562824620850876,53.33037879274417],[-3.248514082624907,53.31953482570258],[-3.105066478915082,53.25045940192454],[-3.1197845929150176,53.26935056063543],[-3.098057942811803,53.28316435448157],[-3.1280165599222602,53.32283158366106],[-3.235348452754674,53.386501601607975],[-3.0296369452160197,53.45314047207],[-3.0446762677078336,53.46438199320954],[-3.0709888418674445,53.51295277236088],[-3.106240590635292,53.53791171802616],[-3.111975100606121,53.560608697777404],[-3.0435886883415497,53.64673962813718],[-3.019664921045826,53.66387427810274],[-3.020542473495128,53.68025063512149],[-2.9665076917879625,53.702420515634834]]]]}},{"type":"Feature","properties":{"bsc_id":"MIDE","Name":"_E","Area":"West Midlands","DNO_Full":"National Grid Electricity Distribution"},"geometry":{"type":"Polygon","coordinates":[[[-1.9589969670618306,53.21662405738075],[-1.909283083670251,53.198800459301694],[-1.8740638943735515,53.19547580726798],[-1.8208124717032101,53.1682061468248],[-1.822074200620525,53.13702647496409],[-1.7862571197738373,53.10798412999428],[-1.7819334760842036,53.09374884983325],[-1.7942256278495132,53.08856891035319],[-1.7851937456506757,53.060366957827256],[-1.8099133930030187,53.06039388493327],[-1.8114310908040803,53.05238957731316],[-1.758817727582398,53.03681763534715],[-1.79469643269208,53.02052654378822],[-1.790708221987975,53.00747771579853],[-1.7962533993594514,53.00226150425069],[-1.8418811311202494,52.99696945465842],[-1.849068954889223,52.98415225149218],[-1.8680499268460042,52.98499445033044],[-1.8674341058789417,52.973958037835224],[-1.8798739986026967,52.96729346668676],[-1.8721313920755605,52.963702600348874],[-1.8765965916671157,52.95993976224619],[-1.8645053414894592,52.93929850035274],[-1.9012997899770816,52.932022991464805],[-1.904775460165386,52.92146236476316],[-1.9473939562772957,52.89668659960522],[-1.9521020446983888,52.886048970815125],[-1.9309499611258136,52.869423225720304],[-1.9094060247507663,52.87197809788143],[-1.8493839924538757,52.85258704242132],[-1.8234820386628372,52.82993080968177],[-1.823461287452916,52.81312429633597],[-1.834151888605197,52.80455529996927],[-1.823525487013265,52.80448640381574],[-1.8234621819174082,52.794202963322604],[-1.7789729313579816,52.7954278028181],[-1.768905985862883,52.767435708860724],[-1.7793234063946186,52.75718874066825],[-1.754105635869323,52.7403645808454],[-1.7175302254607931,52.73336901391366],[-1.726288041572513,52.728769556997676],[-1.7297729632266954,52.710295137411514],[-1.6907117687993898,52.7033918068814],[-1.696589487166675,52.66970865168999],[-1.7204558208088123,52.669345239798346],[-1.7332593858026693,52.653686573380796],[-1.7519818564760568,52.65626382839731],[-1.7612262387388637,52.64701738055163],[-1.7577152414325987,52.63802361512516],[-1.7829275083289176,52.63807406416449],[-1.7852674078734012,52.6119631539324],[-1.7976139039294294,52.60209817424218],[-1.7874662503647005,52.58380666651393],[-1.7636332006400735,52.570799441260924],[-1.7653833179530947,52.562206072707504],[-1.6888162327006977,52.55605638391121],[-1.692153706661009,52.547014600252616],[-1.685878301998133,52.543448650794375],[-1.6959538745658103,52.53655785379266],[-1.6299589818568074,52.546082948052884],[-1.6035473596185439,52.52233930064322],[-1.6128441253321177,52.509013100954405],[-1.6228088015843454,52.50813724380914],[-1.6184975132520965,52.49212812299878],[-1.6311168509140015,52.492151170741046],[-1.6748989008724828,52.41472915064869],[-1.6560214414449945,52.408575198071794],[-1.631684430749082,52.36573653467167],[-1.6550425011162022,52.35588676824557],[-1.6841402203362037,52.36327010235021],[-1.6942423947308607,52.35066673156761],[-1.6847278365690181,52.344694333631764],[-1.6827403159029166,52.3317121274938],[-1.7223830260427613,52.33752173248789],[-1.745465673043074,52.31435611237919],[-1.8443806818984032,52.31918687442168],[-1.8386356678475608,52.30055301138936],[-1.8064271032664647,52.28780139775371],[-1.8331202774294224,52.27241611090178],[-1.6913333501443704,52.2106813330888],[-1.6599140498894773,52.214251572711724],[-1.636568087326126,52.18190705945038],[-1.618015943311963,52.175081812518606],[-1.5996849560038588,52.17886301638555],[-1.6032625152933209,52.15907056812707],[-1.545129487792205,52.14950857419476],[-1.5212140224319246,52.15487209635263],[-1.514748326271481,52.13551000185592],[-1.4944360069273979,52.1294621113811],[-1.4769652113572576,52.135563308838755],[-1.4755953361407426,52.14994766517554],[-1.4395564761055117,52.141674234575035],[-1.4101799806677333,52.15769117165571],[-1.3794132797738758,52.15566204569419],[-1.3585906159018464,52.164918113809655],[-1.3342233140457302,52.15911886358939],[-1.3313903919344277,52.16836901060006],[-1.2519254273883236,52.101969689813686],[-1.321263278446143,52.08700319567749],[-1.3182573893398075,52.079856701381296],[-1.2975069026112092,52.078047772272555],[-1.3129067398999688,52.051442550108796],[-1.294159481554436,52.039669539283764],[-1.2952271592186861,52.02863249380159],[-1.2837776505067946,52.0249625264447],[-1.2771119868046503,52.00528386185729],[-1.359957697537332,51.98774574397565],[-1.3583824900741497,51.97700737243886],[-1.3646409863890292,51.984649269815876],[-1.409873679595989,51.97258847210926],[-1.4379947659180874,51.98796137220657],[-1.4952934132128886,51.976181084243834],[-1.522943939487878,51.996714731510394],[-1.531438903735723,51.98504618619479],[-1.5808874231130297,51.972934206795784],[-1.6104214405894761,51.956947049110106],[-1.62336711104791,51.947361703080844],[-1.6152659385385681,51.93784521292982],[-1.6455325718272638,51.92234182293983],[-1.6926977607852565,51.908104269816704],[-1.7301953324129478,51.909715242847426],[-1.7682426074806121,51.887348200558414],[-1.810579544539507,51.89537542899189],[-1.810254310711899,51.88510685100832],[-1.8318102623200692,51.86738645466366],[-1.8507209220703562,51.86410832273022],[-1.8651493399885777,51.88648664266118],[-1.882294128642035,51.89438156681548],[-1.901778608993049,51.886971153485334],[-1.9272414218952023,51.89641649427965],[-1.9180460649760491,51.9019835759059],[-1.9250491799826581,51.92105272909698],[-1.9364048819197222,51.91999265251297],[-1.9374524340221513,51.91005960778535],[-1.9941046798855702,51.915010872943064],[-2.000523912356101,51.904095738333645],[-2.0097023906802503,51.90578594751516],[-2.0186643745081536,51.878564642177295],[-2.001568103109975,51.876397747390136],[-2.0015454000430415,51.86521368895528],[-2.0253714274975994,51.86347402951892],[-2.0334597568024213,51.85464037928098],[-2.025828139922793,51.84838120289799],[-2.026492331422064,51.82233511585828],[-2.0186475168791134,51.81283798908582],[-2.0265738293159266,51.794791195247996],[-1.9984452251556826,51.7659297128418],[-2.0171406947142283,51.75644355414089],[-2.0183742542355434,51.74588000976575],[-2.03037382025037,51.7479441758621],[-2.0558272418893933,51.73378806398623],[-2.0533549993908657,51.71610760919248],[-1.9998887873022342,51.7116677475072],[-2.0045410410650137,51.69896939820597],[-1.9868471188673236,51.69057067431921],[-1.9881134459740513,51.66911609118993],[-2.0421139205069543,51.66275287539326],[-2.0572047185395625,51.67231778931325],[-2.0806424876656164,51.653513640701625],[-2.172996381981377,51.665647479666916],[-2.1826449318565997,51.66158086714532],[-2.179561535772773,51.64593497802702],[-2.186792573647003,51.636092444749536],[-2.2516279899485285,51.635235891434924],[-2.2549625071269026,51.63044126679608],[-2.222387117101921,51.6220739874458],[-2.2451590552278273,51.58138794119765],[-2.2674756824169067,51.58258259130123],[-2.2757879193498924,51.57332426648924],[-2.260494185673497,51.56996232647037],[-2.2675876648725106,51.56293477245733],[-2.261607362247252,51.543818601376536],[-2.266419535819242,51.53600250583183],[-2.252491125746753,51.52699449882687],[-2.304041954345559,51.50421533386444],[-2.3038755752004834,51.486043917592575],[-2.291382659528167,51.48737320418031],[-2.288759773609257,51.478035515680354],[-2.2957286781820425,51.458631826734745],[-2.285202332606181,51.45775930963675],[-2.29458692139671,51.42880051556559],[-2.312729187931334,51.42233649435479],[-2.3253229024246007,51.436917793839555],[-2.352940502666694,51.43920373916418],[-2.442697233859718,51.42264768169681],[-2.442972518410644,51.41734868190904],[-2.4923473334034374,51.417826497423235],[-2.49153680126508,51.42894717459464],[-2.5081976992382815,51.424644801673665],[-2.5254045510211744,51.4340857098474],[-2.5268929449460256,51.444013415598235],[-2.5064814437402254,51.44540535684237],[-2.4794014618417926,51.459773252870804],[-2.487591001111701,51.47551320850276],[-2.4149518341525322,51.48221951613727],[-2.4289656010935827,51.5027200835049],[-2.458487819533385,51.50786881953],[-2.4829514913728787,51.497645413440864],[-2.4975283989703865,51.501112232797574],[-2.4880781702024626,51.52976232293539],[-2.5092836942970482,51.53959026071396],[-2.524145835463854,51.53412354391299],[-2.5181237138158914,51.54861909402586],[-2.52700324636707,51.55109173055793],[-2.513650116721084,51.56113992332069],[-2.5595998427108757,51.59190692016384],[-2.5895758516876066,51.583908782740224],[-2.607319934096002,51.59154307494517],[-2.6144627921287826,51.58278541438142],[-2.658629375630743,51.596588637802185],[-2.6381873750654403,51.6092122389909],[-2.645964519415557,51.62343015230777],[-2.616873471399456,51.65586682029893],[-2.586680628678069,51.66052848463457],[-2.6306833096379703,51.689491482508025],[-2.632265451098353,51.70370282998386],[-2.65305674740865,51.7096245828424],[-2.6690980857875855,51.7021673546563],[-2.6875207042322047,51.72979332833667],[-2.672294966287538,51.73636908617347],[-2.6626969559808127,51.75364872304936],[-2.6805244658551213,51.76871067501568],[-2.671719592129581,51.79520690304864],[-2.678495387589323,51.80301485864117],[-2.659577726697316,51.81073621239319],[-2.660776060523141,51.822730051157556],[-2.650308395230954,51.82621304770392],[-2.6664622915925045,51.83573727849824],[-2.693109217771784,51.83657591802264],[-2.6974698996981443,51.84486088973087],[-2.712614286575264,51.83959935974663],[-2.7195627440041057,51.84888733387026],[-2.7330099093740325,51.839184228899406],[-2.75663237997998,51.84591329994],[-2.7791446069935017,51.86674506586396],[-2.7685273656238096,51.880623447758325],[-2.836450923001386,51.90619633172293],[-2.8420424647576916,51.91771521977938],[-2.8618690178452173,51.91392505602315],[-2.845002555956858,51.92203988709305],[-2.8780978321709836,51.93383902337338],[-2.9684320032029388,51.90440199043646],[-2.976872927118756,51.9276700218012],[-3.0077819002180526,51.92693939383339],[-3.0132115158565242,51.94479443136293],[-3.0678381552503278,51.98347526481556],[-3.0992452679625573,52.02264289254786],[-3.0862973378536065,52.041087295333625],[-3.065975254532501,52.049700317702026],[-3.066241975972192,52.06623303249392],[-3.073301056376536,52.07555481171392],[-3.113078407876486,52.081137208988046],[-3.1227281414171006,52.10279870855111],[-3.1054820740568685,52.10541717054072],[-3.10492009419615,52.116804097616665],[-3.131307122442391,52.12501578363897],[-3.136022560012083,52.137876417529384],[-3.0831685491121275,52.15142035801498],[-3.083532840576591,52.16778506045954],[-3.1022186934072566,52.20258349764755],[-3.0721908604656516,52.213028759994785],[-3.0777910390832526,52.21655765638746],[-3.0720078722349227,52.22863394357971],[-3.0533150043989625,52.233565146001034],[-3.0545622631743212,52.2419911027141],[-3.043118297215328,52.24279372570963],[-3.0498307560773728,52.24500062308788],[-3.0465132548977887,52.252195287428634],[-3.026719567440057,52.26142317326112],[-3.0417483063497524,52.266455867475365],[-3.046326484969954,52.28019288862692],[-3.066971726966177,52.284420830501354],[-3.076671960942504,52.29850494322012],[-3.111243767068162,52.30494077912754],[-3.099696776169022,52.31658778474523],[-3.107162466331014,52.32564505753113],[-3.0992052116463844,52.33035218223098],[-3.1035565196842523,52.3358724827781],[-3.0957802732274278,52.33769552922228],[-3.1038769879196537,52.34542825950707],[-3.1551948477048937,52.35231077229686],[-3.1616616182977837,52.36622897146929],[-3.209667845976054,52.365375811054236],[-3.228293570396289,52.38200957729091],[-3.253635913526861,52.381668251201354],[-3.2931233553058794,52.42228413193194],[-3.3349286743053774,52.44107623969511],[-3.2669058405162894,52.46276299512785],[-3.23073037751358,52.453146043800686],[-3.1972283315454257,52.47585505738354],[-3.180356247813968,52.473900401945954],[-3.145139707345484,52.48872333898496],[-3.1576033060884656,52.51229368251429],[-3.131306355871483,52.52589741267618],[-3.136913812676496,52.53410892699022],[-3.1114881382641943,52.54142402342839],[-3.1394791891967215,52.58583077138894],[-3.117304363609596,52.58584215671994],[-3.0895147952892827,52.59960017749114],[-3.093556422091971,52.60935081624511],[-3.073281738251074,52.62884991149012],[-3.0598627703680403,52.630714502836256],[-3.0833992662930143,52.64124067401726],[-3.0512284259726448,52.64732869897788],[-3.0386346246173073,52.675296272661946],[-3.0456555058215358,52.67551822414151],[-3.041573464095769,52.68851558613347],[-3.0469282348059576,52.69116979995897],[-3.0199286099456075,52.70684337599899],[-3.0254446801207444,52.71516068730421],[-3.020384744844401,52.725111548690755],[-3.0005376018275873,52.72030081030253],[-2.9775835237890464,52.726480102560515],[-2.978070962661794,52.715508718065855],[-2.961230667567512,52.71629951662442],[-2.958013131253225,52.72602409014091],[-2.9666360687981332,52.726015667385845],[-2.965178422341101,52.732228383247936],[-2.9915065502427507,52.733764432659626],[-2.997239236151221,52.73784322494496],[-2.9921390456410872,52.74382156933361],[-3.0218484856607675,52.752073571676405],[-3.007598299906044,52.754888789433075],[-3.0049477775536433,52.76449550241926],[-2.991441481674622,52.76829979535526],[-2.9765679282084223,52.74371103818044],[-2.9641623344424213,52.749750536203216],[-2.895709058585388,52.7463002619312],[-2.8824719998955888,52.74806533105047],[-2.883451951544571,52.76161332064658],[-2.8533461387314474,52.76945736316484],[-2.8262701308340885,52.760098442588735],[-2.811665319128391,52.763443637213406],[-2.8015038566178525,52.77621050934986],[-2.8144367505091794,52.774820279926274],[-2.809331143452805,52.7791839253157],[-2.8155332305198333,52.78654725395623],[-2.773519384075787,52.794862709414666],[-2.768410445823103,52.788196797846226],[-2.7443522528582287,52.78715432379721],[-2.741327462926876,52.77268080744215],[-2.7229771496778596,52.76439028387121],[-2.6916001456689207,52.77529224921853],[-2.653527336057474,52.76694697472208],[-2.653671852151817,52.77394830452108],[-2.592264881986088,52.77675957158254],[-2.592660282203655,52.793711858569424],[-2.603842861614966,52.79581347835574],[-2.603934309583585,52.80471662092021],[-2.574598826652409,52.80942269677001],[-2.561461976019122,52.799150071884995],[-2.5484219131054515,52.80045932477923],[-2.549063689558247,52.80855018992857],[-2.5712771299054484,52.83017511632093],[-2.61892648306224,52.82632742083473],[-2.6215270222361666,52.85418869735901],[-2.6381669784202018,52.8736404176844],[-2.6228782230516208,52.882085930816366],[-2.5684620795124027,52.88406831002093],[-2.5751549487174588,52.90945469141226],[-2.5673480078727486,52.92038375698894],[-2.5785697132542174,52.92369105674885],[-2.566395147250294,52.93024641124451],[-2.5761972341019033,52.94897179735619],[-2.5737893973189854,52.96245177953326],[-2.561226990838708,52.964859599510326],[-2.529488390297831,52.947196700493265],[-2.523093053374151,52.9696928395926],[-2.494028712189397,52.968244155861406],[-2.4813367856450075,52.9587824448905],[-2.434707351224718,52.969395469206106],[-2.4365933967909563,52.98626840635824],[-2.3810214735562907,52.99813860349109],[-2.383055095059886,53.007704689905616],[-2.3704592427102145,53.01456838496281],[-2.386117879835888,53.03352790197936],[-2.3840249772298443,53.041253819730855],[-2.3977980820432054,53.04745556526419],[-2.3800265581050177,53.048919644355315],[-2.3684923676835252,53.059761852192864],[-2.347530574705743,53.05634257235845],[-2.3182109015628436,53.08138341247316],[-2.280750643578425,53.0781653184022],[-2.2771021210029114,53.085860681803894],[-2.247821593064832,53.090186638013314],[-2.186516854722191,53.13599489104044],[-2.216103634651632,53.15542136175674],[-2.2469430220973816,53.16000382484221],[-2.2450048695101184,53.17289270481876],[-2.2173567532712317,53.16917242915842],[-2.211444862941333,53.1798168714533],[-2.198358462630065,53.1761942338292],[-2.1700129287499865,53.19018326970459],[-2.1430312898077855,53.18759093583375],[-2.1140489319582882,53.16902914419239],[-2.077899486390309,53.17038689979957],[-2.0578054280076215,53.17651038423657],[-2.048139868325077,53.19122593163945],[-1.9970967269618243,53.18851368642296],[-1.9869962537756642,53.21397491095197],[-1.9624639447345835,53.22618511657933],[-1.9589969670618306,53.21662405738075]]]}},{"type":"Feature","properties":{"bsc_id":"NEEB","Name":"_F","Area":"North East England","DNO_Full":"Northern Powergrid"},"geometry":{"type":"MultiPolygon","coordinates":[[[[-1.5980143207423665,55.626834831067875],[-1.5986177746761385,55.62683680549657],[-1.5991072248730387,55.62711694920148],[-1.5983767227611794,55.62711456163165],[-1.5980143207423665,55.626834831067875]]],[[[-1.6734980381587934,55.62851438382096],[-1.6742433365378315,55.62865114245738],[-1.674239910932683,55.629064456041526],[-1.6738740422754705,55.62913536706618],[-1.6734980381587934,55.62851438382096]]],[[[-1.7581168984505524,55.627412111037906],[-1.7618365527772781,55.61587806565246],[-1.7399802879149748,55.623151115687335],[-1.696291423656105,55.61568673530725],[-1.6632632227954847,55.62189024518497],[-1.63163120395589,55.64469771027225],[-1.599127151132619,55.64485269583413],[-1.6490318756913511,55.608876204701545],[-1.6582586155973118,55.59356739694742],[-1.6378522274860232,55.58586685977774],[-1.6310479891698306,55.56855391469738],[-1.6119580180137345,55.55412806458934],[-1.628302312547648,55.539387037558654],[-1.6053029861675274,55.523706761955054],[-1.6064705091388332,55.50106596816488],[-1.586322323039814,55.4923845714559],[-1.5819265222271384,55.44080848942208],[-1.5682970954126672,55.433573106840676],[-1.5705334972937506,55.407531904108225],[-1.6001625988910304,55.38382201860618],[-1.5915743345229338,55.35987603908544],[-1.5773617616285138,55.345574883548444],[-1.530439083030749,55.33641208571951],[-1.5405827762846005,55.312140344506176],[-1.5607901369424726,55.29316101663422],[-1.5616595336082217,55.278579215246765],[-1.5460669216395206,55.24763010111519],[-1.520049981261764,55.23133920907206],[-1.5146486898708929,55.21292774798309],[-1.4942491989527389,55.19711706736499],[-1.4928330998501338,55.184423991301536],[-1.5058952990927852,55.1780706188597],[-1.5152681894765916,55.15869122587384],[-1.478882250237234,55.11997997151018],[-1.4873128683724373,55.1093015936028],[-1.4817358759389836,55.099425075105366],[-1.4455434873586583,55.07264264972069],[-1.4442558876705895,55.05643653358314],[-1.4189247136361187,55.028540972355444],[-1.394300221764869,55.01453471564339],[-1.4011547636764687,55.00053642426757],[-1.349574895145978,54.9666234539214],[-1.3471031705634324,54.95543408350442],[-1.3595671710250046,54.93531637804252],[-1.3445074397913048,54.921008802511246],[-1.3520733955023614,54.8911045591732],[-1.3375606846625228,54.85488202941067],[-1.3139613140070934,54.83954479655903],[-1.2957447710508472,54.77332249313717],[-1.2356462960329329,54.72627546744175],[-1.1701608172879998,54.70031591982283],[-1.1655709261127896,54.68977810422673],[-1.1897558498016456,54.68041072932231],[-1.1743979209661404,54.66055814426764],[-1.1522237967707534,54.6501812162219],[-1.156973837096156,54.639854009698816],[-1.1349973143953735,54.65195212277779],[-1.1047101411166393,54.62920499017594],[-1.0506204706257016,54.621128118438065],[-0.9893125984902253,54.59522401741925],[-0.9309587517805191,54.59222868725255],[-0.8861019021180434,54.57675087954611],[-0.7713305711676463,54.56190680529899],[-0.7385157980446756,54.53261852859359],[-0.7088936611392105,54.53804375160902],[-0.6734838287423898,54.520828768251285],[-0.6595684882414683,54.50444066084412],[-0.565064705361574,54.483595462191936],[-0.5154884132372473,54.4486001888542],[-0.5227436622664929,54.430710077361496],[-0.5175493220542082,54.42072754822323],[-0.46932911625805973,54.40220218970925],[-0.45056464055975926,54.38426616476017],[-0.4121066716432881,54.33517008202398],[-0.4005176783297582,54.2982941789767],[-0.3762386329498356,54.29039256615227],[-0.3876626643488034,54.2779583493234],[-0.38322313450067863,54.271540617522135],[-0.35663280718621554,54.24925814304105],[-0.2595276101081426,54.21626289758785],[-0.28468524329196726,54.20353336945979],[-0.3186003986769477,54.21653979544418],[-0.35485396327501606,54.210525386346376],[-0.44900056668350424,54.21522557339562],[-0.520002742986943,54.19774647556598],[-0.5377679725646984,54.200399218823755],[-0.5403652985274825,54.19222511677316],[-0.557683772317649,54.19456406568045],[-0.5551445856515342,54.16258083620683],[-0.5745812099009513,54.151962596147385],[-0.5667606289956163,54.15087868930967],[-0.5682588210459092,54.14042823474209],[-0.5894144562593021,54.138266618100545],[-0.582119572328457,54.13290835652282],[-0.5948276581061498,54.12832594811868],[-0.5828329622795178,54.11304109351441],[-0.5830392937744494,54.095494379991756],[-0.6034128303432278,54.09490516939421],[-0.6050563986402745,54.07821948670339],[-0.6134341532269706,54.07129642056357],[-0.659533648769541,54.063486723424106],[-0.6445092522928169,54.05517493277393],[-0.6594800967066864,54.03715029923453],[-0.7214422102176286,54.049844760895766],[-0.7571205531942928,54.04520084053951],[-0.7617766630606849,54.05297873874891],[-0.776667503177912,54.053976877109804],[-0.7888131382254356,54.05063104796383],[-0.7834947943108117,54.04160555086783],[-0.7996992301078187,54.02406158149373],[-0.8235128117340424,54.02080949800569],[-0.8473038647733384,54.025965432298435],[-0.8375913707111402,54.02937733266951],[-0.8392202102490076,54.03667348425546],[-0.8769821318680388,54.04062725870692],[-0.8885394055554258,54.02527503890054],[-0.8770687845179865,54.014742217950776],[-0.89176199971278,54.001665948207325],[-0.8706587050447816,53.99856049452266],[-0.8735197887901924,53.98792423396027],[-0.9104113210700117,53.978480658449186],[-0.9268394226305434,53.98436740653806],[-0.9329822326691205,53.970760083712555],[-0.9211825319738062,53.96130702614695],[-0.9328249553808312,53.92302654862889],[-0.9217152088432639,53.92293208627623],[-0.9455423530192969,53.89590921294446],[-0.9235335280288102,53.89071644232669],[-0.9248598820232411,53.88172204565595],[-0.936106208135967,53.880366122638506],[-0.9443451326545033,53.88906760357499],[-0.9927186352768157,53.87689959157987],[-0.995515785061823,53.8617328555096],[-1.0416555314224154,53.83883049262318],[-1.062913940029687,53.853042832073555],[-1.1193107073656312,53.85343229162361],[-1.1272901845788164,53.864470922513405],[-1.1050637708782618,53.875623407115214],[-1.1959870487429156,53.921845197987096],[-1.2203367970634595,53.963440334407046],[-1.221557382840845,53.9814572554569],[-1.2416713381303144,53.978140572895605],[-1.2421026098695014,53.991007009454826],[-1.2517789231156735,53.993713600097344],[-1.273134782074492,53.99504912777549],[-1.2748925680357108,53.98166778576517],[-1.2942997997215506,53.98825454779869],[-1.2996628355052686,53.986757967599],[-1.295648627026492,53.98062275684646],[-1.3059583318386545,53.98418799002682],[-1.3206741996258875,53.9795084679737],[-1.317254143066157,53.97418624388686],[-1.3539596972435046,53.966749413454245],[-1.4047342060869845,53.97644880046046],[-1.4116903099777542,53.98052756327896],[-1.4079647308110592,53.98518294417537],[-1.4263817187310237,53.98084207347238],[-1.428381135577744,53.97289241946755],[-1.4491102125238735,53.97481828992032],[-1.5482911886871076,53.95327376355815],[-1.6531701779376078,53.96976286663753],[-1.6696514589099993,53.98697638179277],[-1.6567536773255345,53.99215825953921],[-1.690440993431046,54.00584616959647],[-1.7488824026580485,54.00961288189298],[-1.8199375102817155,53.99647265897547],[-1.8356554922311363,54.014227783187685],[-1.8480337474599058,54.01365984267699],[-1.8544787409163372,54.02969274091379],[-1.8734665715807854,54.03577182642438],[-1.873968785816924,54.04643164084547],[-1.853724405688001,54.05327528227071],[-1.8406137149187702,54.07056870865776],[-1.8613923658923477,54.08084019827703],[-1.867683446339357,54.09725848613308],[-1.890998618080934,54.1043999146327],[-1.9051190644973506,54.12254858609505],[-1.9474970298886096,54.12531561299184],[-1.957524193295798,54.13555625809797],[-1.953827810022319,54.14269093444732],[-1.97233995930556,54.157876330399176],[-1.9931357062149349,54.15509316723967],[-2.0044993669414506,54.17287033911069],[-2.045777994914067,54.1818669936493],[-2.059451324440647,54.196708122832206],[-2.0608662106569287,54.21031425541529],[-2.1000320479532055,54.23195645706018],[-2.1404625192956606,54.22528339570134],[-2.151605113993602,54.2355783197316],[-2.17178078893585,54.228442245815195],[-2.197794824944198,54.2473655297015],[-2.2292200697963764,54.25216294680007],[-2.2727120512496533,54.24347886665298],[-2.314164478235871,54.25436879596433],[-2.328223878288718,54.28019631634309],[-2.3183684415729537,54.29106733832268],[-2.3180056281093178,54.329636533084596],[-2.35263048269256,54.355099523557776],[-2.2894008489338145,54.38520157769769],[-2.300700296930385,54.39927899328515],[-2.3030308801600867,54.42217370854689],[-2.282054508159923,54.44918672189892],[-2.2317058459236927,54.46041578771389],[-2.2019083073082446,54.452239926417676],[-2.157029317466648,54.472430849780615],[-2.157172469552953,54.51136787712431],[-2.1688809335628876,54.52731785176905],[-2.198518482100207,54.53929758781722],[-2.205201113744097,54.55322258514905],[-2.2927591731197867,54.60278951412018],[-2.319263530517282,54.635207439955714],[-2.2960645990248865,54.65012128609115],[-2.2965439165988353,54.66012796772468],[-2.352858645406119,54.68685304995203],[-2.3565192672323896,54.69744660029213],[-2.325798993686611,54.72658691072748],[-2.3323024102711405,54.731988172927],[-2.3223712646221886,54.764186947529154],[-2.3031087495015954,54.785061827763656],[-2.307459167415957,54.79752019025698],[-2.3561487199648465,54.82905305953174],[-2.3910701935785217,54.84164673485818],[-2.4015429518626217,54.85556519313054],[-2.442895294677259,54.83537536398371],[-2.4618718845232577,54.83386678052516],[-2.497079464549029,54.81045255010254],[-2.533901662218874,54.806431865553805],[-2.567839959642418,54.82356793520601],[-2.5813164053709645,54.852005995874165],[-2.604113397911509,54.874127195924224],[-2.5746854788430453,54.894074125684796],[-2.546282709808634,54.92832340756091],[-2.569639452507956,54.9567749002737],[-2.569414666590881,54.96685845141612],[-2.593799346563184,54.97132492273717],[-2.5970749075345263,54.98052722265744],[-2.5612886169378855,54.99180392956405],[-2.5713368475436136,55.01166685434861],[-2.5673817694075014,55.019258373522455],[-2.482084960804767,55.040384486209774],[-2.5023993753113754,55.06312723888579],[-2.492128034050933,55.06820146014993],[-2.5000569068214458,55.07616683007281],[-2.4855925730849666,55.083243570699615],[-2.5027487453879314,55.09098288857105],[-2.552921932747162,55.082228515040306],[-2.5924087723624925,55.104238644998816],[-2.5989038676773486,55.12456950101257],[-2.6513499743828626,55.13278330044559],[-2.6773157979482742,55.155484524632236],[-2.681855035884714,55.16950453900788],[-2.674553023250449,55.175889364180286],[-2.6905707123138907,55.188730688932125],[-2.6655111569319505,55.22121987204194],[-2.6314711556630344,55.22369228756433],[-2.6306685903359033,55.244499022581365],[-2.611445383776703,55.247364553331565],[-2.6424102329860863,55.260612522754855],[-2.626732333107324,55.262221659508924],[-2.609164107658506,55.28331073173552],[-2.5733702331501442,55.29690901632619],[-2.5572733014621862,55.31140584572139],[-2.5590184881776286,55.31786767203725],[-2.51991567719645,55.32319826532228],[-2.478813507060489,55.355715073436606],[-2.4152877272935793,55.35918238640926],[-2.397047033076424,55.34908918384568],[-2.3816097682098336,55.350845671732216],[-2.3373372833916215,55.36688960003317],[-2.345909932301927,55.37299385010687],[-2.3300570775202503,55.3811787020219],[-2.3449711820968857,55.399279499199196],[-2.3323814746442437,55.40990841798798],[-2.309984691251377,55.40772985649404],[-2.270008568836825,55.43021674855906],[-2.231117126513043,55.429667481042486],[-2.193832676431432,55.444028272379796],[-2.189003778928573,55.46224045812207],[-2.165266721051099,55.469939467472024],[-2.2057317985479434,55.48274526196295],[-2.2027506001885984,55.49071135213617],[-2.2345050546555076,55.51592163908667],[-2.23239633981481,55.54502037035559],[-2.2434757068802256,55.5559204225428],[-2.195139535765694,55.60736340521131],[-2.1578909640928634,55.599905231514285],[-2.1591343484908925,55.589530643863654],[-2.139949176698859,55.58095138634813],[-2.0954068639551737,55.59513270905679],[-2.06938409994592,55.59279234339201],[-2.06971173534205,55.6066130335637],[-2.0564554596099085,55.611751615803925],[-2.0614850570874683,55.617035068286086],[-2.041732626262957,55.6181055599673],[-2.03699712731329,55.63067062587453],[-1.9868081233131236,55.616458830155324],[-1.930541894247401,55.63334418045866],[-1.9000347624088936,55.62779158225414],[-1.8544236230198772,55.63811342073955],[-1.8416434090898408,55.65001784077284],[-1.79764909246306,55.66348452911359],[-1.7721488640177683,55.65933555774929],[-1.7740198216658625,55.64706393291299],[-1.7581168984505524,55.627412111037906]]]]}},{"type":"Feature","properties":{"bsc_id":"NORW","Name":"_G","Area":"North West England","DNO_Full":"Electricity North West"},"geometry":{"type":"Polygon","coordinates":[[[-2.661612628259846,55.146359996739356],[-2.647118708889564,55.1310625344479],[-2.5989038676773486,55.12456950101257],[-2.5924087723624925,55.104238644998816],[-2.552921932747162,55.082228515040306],[-2.5027487453879314,55.09098288857105],[-2.4854136263190605,55.08269612969183],[-2.5000569068214458,55.07616683007281],[-2.492128034050933,55.06820146014993],[-2.5023993753113754,55.06312723888579],[-2.482084960804767,55.040384486209774],[-2.5673817694075014,55.019258373522455],[-2.5713368475436136,55.01166685434861],[-2.5612886169378855,54.99180392956405],[-2.5970749075345263,54.98052722265744],[-2.593799346563184,54.97132492273717],[-2.569414666590881,54.96685845141612],[-2.569639452507956,54.9567749002737],[-2.546282709808634,54.92832340756091],[-2.5746854788430453,54.894074125684796],[-2.604113397911509,54.874127195924224],[-2.5813164053709645,54.852005995874165],[-2.567839959642418,54.82356793520601],[-2.533901662218874,54.806431865553805],[-2.497079464549029,54.81045255010254],[-2.4618718845232577,54.83386678052516],[-2.442895294677259,54.83537536398371],[-2.4015429518626217,54.85556519313054],[-2.3910701935785217,54.84164673485818],[-2.3561487199648465,54.82905305953174],[-2.307459167415957,54.79752019025698],[-2.3031087495015954,54.785061827763656],[-2.3223712646221886,54.764186947529154],[-2.3323024102711405,54.731988172927],[-2.325798993686611,54.72658691072748],[-2.3565192672323896,54.69744660029213],[-2.352858645406119,54.68685304995203],[-2.2965439165988353,54.66012796772468],[-2.2960645990248865,54.65012128609115],[-2.319263530517282,54.635207439955714],[-2.2927591731197867,54.60278951412018],[-2.205201113744097,54.55322258514905],[-2.198518482100207,54.53929758781722],[-2.1688809335628876,54.52731785176905],[-2.157172469552953,54.51136787712431],[-2.157029317466648,54.472430849780615],[-2.2019083073082446,54.452239926417676],[-2.2317058459236927,54.46041578771389],[-2.282054508159923,54.44918672189892],[-2.3030308801600867,54.42217370854689],[-2.300700296930385,54.39927899328515],[-2.2894008489338145,54.38520157769769],[-2.35263048269256,54.355099523557776],[-2.3180056281093178,54.329636533084596],[-2.3183684415729537,54.29106733832268],[-2.328223878288718,54.28019631634309],[-2.314164478235871,54.25436879596433],[-2.254743275675773,54.24248981975636],[-2.254898568689638,54.229575040096],[-2.2892487980637237,54.2045668255232],[-2.2557045619512537,54.19004834935518],[-2.192654794436988,54.133706523880356],[-2.1201357576745243,54.109030832714694],[-2.103471449787486,54.08632959574183],[-2.118879760720275,54.061581700874264],[-2.1561876771845725,54.036158190506484],[-2.1438702885406875,54.02310917994624],[-2.142790637441688,54.0082966977822],[-2.172992246508819,54.013996962941],[-2.1943715913312727,54.007472719703706],[-2.193301858214188,53.96413497892185],[-2.184388355415779,53.952289687601954],[-2.2404419903007393,53.93459008117074],[-2.241641726301832,53.92514788586264],[-2.2196835965062425,53.894251418370374],[-2.2336742733025297,53.88114314715137],[-2.210871817798953,53.87437143171543],[-2.174055210555854,53.8905273457918],[-2.12311056222019,53.88458607823422],[-2.0969771784194,53.89104314831476],[-2.0781322891784235,53.876836481680414],[-2.084342235395972,53.87040570456371],[-2.044010514850039,53.85077649588544],[-2.045690157936969,53.8289426219298],[-2.1242106035896624,53.7993834820226],[-2.13389211952834,53.779938989566794],[-2.131096643274664,53.75390573149406],[-2.1454151454320773,53.735924311052045],[-2.1694771877557337,53.72739397284011],[-2.161863794418307,53.703770046474055],[-2.170528512863078,53.700908500732176],[-2.1454140577165233,53.69523427216576],[-2.1432763101835035,53.68117126277379],[-2.124892619233081,53.683562038559444],[-2.119063106873203,53.67311250337247],[-2.082540678597562,53.67259066533207],[-2.0507900523791287,53.6836647981383],[-2.050357584178041,53.669299972601884],[-2.034130756689825,53.66155712737725],[-2.039867101672077,53.64418280225458],[-2.0290510621542293,53.63677915355533],[-2.0251036791049133,53.61950343379329],[-1.9940379650667484,53.6075200163632],[-1.9415713490839723,53.561886349476175],[-1.8691468330814736,53.539867892764285],[-1.8370308893457166,53.52079234913845],[-1.82060134484457,53.521661883104926],[-1.8168829611444417,53.512679542208026],[-1.7788613666196416,53.49743835665552],[-1.7812154480491245,53.4854112974976],[-1.8097666742092557,53.48092612268092],[-1.8129356316539056,53.468676136154336],[-1.859023968036839,53.45908780979066],[-1.850325467148416,53.44724503074778],[-1.8653519544465123,53.43669462203096],[-1.8640483811114814,53.42675461189261],[-1.9062660163847116,53.4112310618632],[-1.8583330385247772,53.387735094967816],[-1.8792784777003781,53.37368881933737],[-1.8482280793299926,53.34372253403715],[-1.8180040620142477,53.34689788708726],[-1.801151536166956,53.318555505180576],[-1.809663509500085,53.31233926039387],[-1.7687824211007261,53.31226366674188],[-1.7688597457764326,53.2987448439579],[-1.8245748513552418,53.29880478837723],[-1.7901906783153543,53.25635763315963],[-1.8705421576753232,53.24643657396215],[-1.8939610532854618,53.25181623176986],[-1.897821093494766,53.24213343408125],[-1.9294526751139642,53.23285238011073],[-1.978137344784479,53.232406026268414],[-1.9752283962005142,53.228003048781964],[-1.9902481794218245,53.223036587215375],[-1.987252770684325,53.211902956383064],[-2.000056304673701,53.194602957665694],[-1.9970967269618243,53.18851368642296],[-2.048139868325077,53.19122593163945],[-2.070158749317081,53.171633931142],[-2.1140489319582882,53.16902914419239],[-2.1430312898077855,53.18759093583375],[-2.1700129287499865,53.19018326970459],[-2.2086570612680325,53.177435354110294],[-2.2245688390716345,53.199695231345395],[-2.2570381916245674,53.2048428341755],[-2.3050981223851545,53.22898926050347],[-2.2973531977834774,53.274744286521376],[-2.2708015100523884,53.28102082667718],[-2.3102013915226247,53.300181102690864],[-2.301261177169384,53.30711015021691],[-2.286399622579016,53.30328443685221],[-2.265842427824622,53.31788669612408],[-2.2676384312203917,53.329905835681906],[-2.283784906339652,53.3396799410614],[-2.2813799530248797,53.35512512779108],[-2.2890986639672315,53.36315544940326],[-2.2777380493695483,53.36830016698736],[-2.291662659513965,53.38577137018569],[-2.3121838172515243,53.38438028415438],[-2.310353928215854,53.36629864455885],[-2.325722991784804,53.36070982896236],[-2.3881723743133167,53.370770022639135],[-2.4214031964928355,53.38755594596016],[-2.4221959207309647,53.405973996174424],[-2.448087801068295,53.41295649305471],[-2.4887018807259675,53.39301058261897],[-2.5069249725914218,53.40508190301534],[-2.502415860439409,53.41605235197454],[-2.5294447813559304,53.411847988037444],[-2.5426328013063033,53.41872847430226],[-2.5338001842446554,53.44211661607285],[-2.53913979152302,53.45204435766191],[-2.626585360507403,53.43510407112625],[-2.631357863367222,53.44226985683128],[-2.6977466553099347,53.46041706750987],[-2.7293572400192243,53.49447498670619],[-2.715656057481682,53.49912204579529],[-2.7204265482799586,53.51060209227598],[-2.7685154371721548,53.51348320292205],[-2.7821110226120473,53.531120556328716],[-2.8226315793153907,53.50532979239633],[-2.8207066463778983,53.493882466986676],[-2.8886771021880837,53.52355503423326],[-2.889132653562868,53.5333088468734],[-2.873998449697336,53.543563609091684],[-2.8971573770638903,53.57522003041797],[-2.9317904211388615,53.5766627758984],[-2.941615852209213,53.558245238325576],[-2.9789762426427675,53.580566360181635],[-3.031242523760769,53.58591394909561],[-3.0328406664439247,53.59383718182011],[-2.9974733370705877,53.62667620378407],[-2.979755094814607,53.62225637281854],[-2.9396295161351387,53.65767848642359],[-2.9463367242486393,53.66763886510255],[-2.9424523032124177,53.67567826772503],[-2.952740279251157,53.68211350869403],[-2.9467858674206737,53.68800325902444],[-2.961666200973172,53.702435978131454],[-2.950269286224085,53.72411103466723],[-2.932950078737105,53.72901021626346],[-3.022584115096139,53.736567687908405],[-3.0617712594339337,53.76160720522924],[-3.070133043267573,53.81881410032856],[-3.0548813651671374,53.874992140232635],[-3.0572938986888745,53.92109697578443],[-2.9279096878169018,53.9545650031488],[-2.888948250526702,53.94821323565886],[-2.890669834841942,53.96169696986759],[-2.8747562080409415,53.966036859968995],[-2.882870600108769,53.97890291018058],[-2.8785003375358222,53.985941994303424],[-2.9035561336211457,53.99284162171445],[-2.930839929620873,54.033979902429174],[-2.883642404901604,54.07775255059422],[-2.8262825843729398,54.0924552181676],[-2.8142478595541554,54.119009471127896],[-2.8346052316236623,54.127641175514256],[-2.867783899683479,54.15939144261103],[-2.876988710849424,54.17717500521109],[-2.8709557093771623,54.194500694799984],[-2.902523047156341,54.18642785852565],[-2.9253372626773286,54.148320775734454],[-2.969238794410339,54.1413859809462],[-3.003234416564027,54.15128303790786],[-3.0096103492565556,54.17119768492219],[-3.041194209639993,54.19478032466381],[-3.0546087241748214,54.16092084610026],[-3.0977796311595944,54.11728743945974],[-3.155964774678689,54.08124942634861],[-3.142140310640497,54.06983197515482],[-3.144647536189411,54.0610680319107],[-3.179916149878222,54.07034562759563],[-3.1953748088327427,54.09720120477254],[-3.229817689177484,54.09105176550777],[-3.246634538621638,54.10496434419366],[-3.248100751725596,54.14714133573474],[-3.2681010824995593,54.16816421341509],[-3.2243626524616724,54.179167855593725],[-3.228927744040299,54.18824466681673],[-3.2051038031800743,54.22518023704907],[-3.208666785045298,54.23759151240858],[-3.2171572971619713,54.24172512690115],[-3.2449022154357734,54.21518242632876],[-3.231473985149204,54.20307766892598],[-3.2490203882416977,54.187979090245804],[-3.3296766024652085,54.18943109083123],[-3.4257787765896497,54.28088659832945],[-3.4295291933822307,54.2935682672134],[-3.422718640376737,54.30743457849625],[-3.4320044986511604,54.337644281250036],[-3.599170140024776,54.47918168307188],[-3.625403072049976,54.489423365117645],[-3.645885356004093,54.5104690925104],[-3.643287719111098,54.52089870468487],[-3.6143511954075365,54.532944546750194],[-3.5921121771534748,54.56756564134464],[-3.57740280350125,54.61433128319542],[-3.5820333483550346,54.65116309529957],[-3.529483303946796,54.69351443010656],[-3.5150168683609198,54.720036256622535],[-3.445054121952847,54.760023322426385],[-3.4400047709020383,54.77603139048915],[-3.4456875805445324,54.8030722004639],[-3.4071559720568385,54.86935564578445],[-3.379102964072794,54.89017186100246],[-3.3405266670880716,54.90395605151943],[-3.2987180287944478,54.88881087191601],[-3.290909663607691,54.89632525519179],[-3.26999786457511,54.89725931072474],[-3.3110856015284877,54.907018313003576],[-3.3209111309455284,54.91992997396047],[-3.2871978320895017,54.94494153698021],[-3.2183468425840562,54.9587309170453],[-3.1838660528988183,54.95625403253733],[-3.135155141536358,54.934218943453224],[-3.1107981019304436,54.9328990278929],[-3.076906086624409,54.94321795245069],[-3.0976838476761133,54.94536019090193],[-3.1054310468400312,54.95406889922692],[-3.041568917435319,54.99957827998472],[-3.0488610995207406,55.01003899699763],[-3.025146767046296,55.03666179145595],[-3.052516958829751,55.04811073370297],[-3.040078457478363,55.06083444562472],[-2.940415779826106,55.059992062758155],[-2.939864746143136,55.06988143924539],[-2.8977645723979726,55.07801737055663],[-2.8719137046408103,55.10651232475708],[-2.8279277588832397,55.1245222895257],[-2.8327998518016964,55.13257674352045],[-2.8252977978464244,55.13994261885545],[-2.7913942567711025,55.14058090214693],[-2.7329148118689615,55.16817481109881],[-2.704276912434205,55.17328601851917],[-2.6905707123138907,55.188730688932125],[-2.674553023250449,55.175889364180286],[-2.681855035884714,55.16950453900788],[-2.6773157979482742,55.155484524632236],[-2.661612628259846,55.146359996739356]]]}},{"type":"Feature","properties":{"bsc_id":"HYDE","Name":"_P","Area":"North Scotland","DNO_Full":"Scottish and Southern Electricity Networks"},"geometry":{"type":"MultiPolygon","coordinates":[[[[-5.1162046864214625,55.241204862387626],[-5.131468413280076,55.24601293988968],[-5.12689895517178,55.258863697307596],[-5.099610688844263,55.25301839549549],[-5.1162046864214625,55.241204862387626]]],[[[-6.149073457180299,55.60326425776982],[-6.149713301281738,55.60180356253621],[-6.15038437422402,55.60214056673075],[-6.1501910064399485,55.60331631732705],[-6.149073457180299,55.60326425776982]]],[[[-6.146238961838493,55.60650811248648],[-6.14829698289264,55.606438400263094],[-6.148372786172545,55.60715533590816],[-6.146463568993158,55.60713007143227],[-6.146238961838493,55.60650811248648]]],[[[-6.146865443099024,55.607925902109706],[-6.148271326854838,55.60769840149461],[-6.148524402976887,55.60858920673886],[-6.147099542571472,55.60863747658381],[-6.146865443099024,55.607925902109706]]],[[[-5.095530579837139,55.43931961695349],[-5.117359601838842,55.42039673298024],[-5.151691402083636,55.436537562999455],[-5.180248283473112,55.429516562250214],[-5.247723504876315,55.43412902458317],[-5.325956974040742,55.465353537015154],[-5.337600182618448,55.495267950424704],[-5.363778651120377,55.50669754805489],[-5.361146923622235,55.53250816182643],[-5.351734989557078,55.54573576397984],[-5.356836129259284,55.566622169122724],[-5.405100669764957,55.612484680353084],[-5.3790878482930236,55.673462108296114],[-5.3374126964670845,55.69228421040694],[-5.321787050000743,55.70840519736057],[-5.270474838866027,55.725241089412044],[-5.216324432658048,55.71290295462611],[-5.155489526358308,55.681922160105714],[-5.131705825273567,55.64518579944589],[-5.1211289971169105,55.61214997058405],[-5.144827834948494,55.58478934182512],[-5.102116484847878,55.573897942018306],[-5.076529243847885,55.5541623965227],[-5.052501000254745,55.51885725881444],[-5.084263944351791,55.49667811360104],[-5.072146158817773,55.46344417776942],[-5.095530579837139,55.43931961695349]]],[[[-5.914863447498521,55.80944705998956],[-5.915800485667009,55.809237329682645],[-5.916287029467759,55.80931174109039],[-5.9157584803862076,55.81040772074951],[-5.914863447498521,55.80944705998956]]],[[[-6.134259666127971,56.11168438551114],[-6.1812307031899625,56.05908383984382],[-6.17782711826038,56.04123249767368],[-6.21752133191126,55.997080086052094],[-6.286076147551739,55.99483918924902],[-6.286838627259162,56.03771261265277],[-6.2670750220682985,56.04929423843922],[-6.251923968152542,56.08664173083317],[-6.21555525365252,56.108667624909636],[-6.188782118581579,56.109700599919286],[-6.1844853827788775,56.12109123036854],[-6.153744483295319,56.13626824312992],[-6.1275097369510885,56.12315548591162],[-6.134259666127971,56.11168438551114]]],[[[-6.63310182971979,56.12849754861087],[-6.635699812412152,56.12786914014629],[-6.637183146916643,56.1284160634776],[-6.634061101529924,56.12977486036348],[-6.63310182971979,56.12849754861087]]],[[[-6.634213586029165,56.13037183786925],[-6.636699003366342,56.13027838663666],[-6.637583912969786,56.13093776917298],[-6.632960038463204,56.13173231746334],[-6.634213586029165,56.13037183786925]]],[[[-6.638576332657879,56.13035169687412],[-6.64231893246912,56.13026479774476],[-6.642296791273561,56.13128214559659],[-6.638923417673391,56.13175995523696],[-6.638576332657879,56.13035169687412]]],[[[-6.380975408984906,56.21662159734551],[-6.381919523936094,56.216408205181665],[-6.382453022556035,56.2168389907315],[-6.38120784148008,56.2172429587677],[-6.380975408984906,56.21662159734551]]],[[[-6.381353174399827,56.22416350014437],[-6.38166452703856,56.224062508106435],[-6.382690773816203,56.22456575261405],[-6.382098794386618,56.22503648303311],[-6.381353174399827,56.22416350014437]]],[[[-6.402523894068567,56.22574906039167],[-6.40330730441747,56.22554123623802],[-6.40399167628917,56.22587661018578],[-6.402466006859646,56.226650575069485],[-6.402523894068567,56.22574906039167]]],[[[-6.3927014722179365,56.22879721072778],[-6.393474729181109,56.22849986790983],[-6.394090713642725,56.22964723125982],[-6.39293417759965,56.22941854501661],[-6.3927014722179365,56.22879721072778]]],[[[-6.391418407666267,56.230281958192236],[-6.392020616460949,56.22990076328814],[-6.392574961709321,56.230510658336264],[-6.391832462722264,56.23107673433378],[-6.391418407666267,56.230281958192236]]],[[[-6.454168937413593,56.23666940111456],[-6.45594852772063,56.236695149843],[-6.456021470833697,56.23732215048874],[-6.454542690081056,56.237105657354654],[-6.454168937413593,56.23666940111456]]],[[[-6.409999234158466,56.23879422821608],[-6.41058075285249,56.23823378989652],[-6.411919141587776,56.23863571244758],[-6.41087570714191,56.239392546083174],[-6.409999234158466,56.23879422821608]]],[[[-6.395977644341888,56.24046338588166],[-6.396045970190118,56.23965145166911],[-6.397928562962307,56.240573821341336],[-6.3968128073153006,56.24070349146748],[-6.395977644341888,56.24046338588166]]],[[[-6.4611534244902975,56.238396137992105],[-6.462055850821014,56.237823848963075],[-6.46275138154769,56.23824845570061],[-6.461978492095113,56.238546226332105],[-6.4611534244902975,56.238396137992105]]],[[[-6.411871790235972,56.23962680381787],[-6.412946172945637,56.23913869214685],[-6.414507419925283,56.24007229785034],[-6.412276057249138,56.24033192538905],[-6.411871790235972,56.23962680381787]]],[[[-6.411232585524277,56.24108876251455],[-6.412670018821842,56.240947468626075],[-6.413686799801162,56.241360864217576],[-6.412010185513716,56.2422302775435],[-6.411232585524277,56.24108876251455]]],[[[-5.7132441004068095,56.27104915766747],[-5.714014937811289,56.2706663420418],[-5.714685540537538,56.27091594043272],[-5.714424189579868,56.27155320007586],[-5.7132441004068095,56.27104915766747]]],[[[-5.712908564087083,56.2725877942677],[-5.712856381894977,56.27204986989613],[-5.713992999120497,56.27210564586235],[-5.7137403284857164,56.27283255817512],[-5.712908564087083,56.2725877942677]]],[[[-6.369208219864762,56.25499471966577],[-6.369478950904601,56.25453542733254],[-6.371310524653863,56.25501029142447],[-6.37071795094732,56.25548097525636],[-6.369208219864762,56.25499471966577]]],[[[-7.109486623967317,56.324441539704345],[-7.111000997722937,56.324261940541],[-7.112439613375905,56.324967264909105],[-7.110569130402199,56.326115400349124],[-7.109486623967317,56.324441539704345]]],[[[-6.245163071867673,56.4096942585877],[-6.2465575611289905,56.40910682431288],[-6.247940397356533,56.409868825613295],[-6.24686912441488,56.41044519091855],[-6.245163071867673,56.4096942585877]]],[[[-6.339514821638396,56.431876833999354],[-6.346309722842373,56.43451670393816],[-6.339059648631071,56.43926792946906],[-6.337711151575843,56.435987348391684],[-6.339514821638396,56.431876833999354]]],[[[-6.4822365173482,56.44865107543205],[-6.485446680902419,56.449704200021095],[-6.482680336711944,56.45241281303347],[-6.4815376036331624,56.45236420962622],[-6.4822365173482,56.44865107543205]]],[[[-7.047302909157726,56.524963330479146],[-7.047526692590014,56.52481025573822],[-7.048308478907775,56.52505734361589],[-7.047581568639575,56.52522191178405],[-7.047302909157726,56.524963330479146]]],[[[-6.5676106238332865,56.582180262534926],[-6.599211266143202,56.57835431473203],[-6.631145743605068,56.55815377311837],[-6.658700367533235,56.57791586304334],[-6.6698693285079775,56.57727636021243],[-6.702143111564033,56.53119478611957],[-6.794847576152224,56.498968210988636],[-6.810425826974768,56.483579682191895],[-6.867048044958873,56.48479047867304],[-6.887157674401328,56.47149218073844],[-6.8835506635765595,56.44516023283314],[-6.906413969252902,56.43673269671371],[-6.938607478184534,56.43961679629153],[-6.955509100296506,56.45404458394523],[-6.985959291556911,56.44853498972458],[-6.99038172963219,56.45615433419169],[-6.982804784953033,56.46806439565896],[-7.006585742538264,56.50179386149107],[-6.954567304544396,56.53198750486745],[-6.9112345586032,56.53490760136195],[-6.875026282130287,56.523035960775125],[-6.8342257645185684,56.54235604153499],[-6.776167079842711,56.55105678745768],[-6.6530733084652045,56.61090382764808],[-6.625984656911502,56.62570695547938],[-6.619330482975682,56.6393597183586],[-6.5378847656140255,56.67889976290117],[-6.441311610553182,56.71325081867778],[-6.425929520826341,56.71164607787848],[-6.451414904779034,56.66700682319719],[-6.49351393993644,56.621150220750096],[-6.5207011124974725,56.60032054149267],[-6.5676106238332865,56.582180262534926]]],[[[-6.214598527073532,56.8241340508943],[-6.236534717794748,56.81894809300943],[-6.27337466505658,56.824130228260096],[-6.291576103773099,56.85065298002964],[-6.231069052277075,56.85774531994166],[-6.209291606934699,56.83903450725496],[-6.214598527073532,56.8241340508943]]],[[[-6.105483490553056,56.920883050093366],[-6.110084697920008,56.882962076805946],[-6.121066109073218,56.86523992596505],[-6.173431728881259,56.869281810677435],[-6.215958079626845,56.88757284271115],[-6.213824105002008,56.908957296755005],[-6.166029323838467,56.91890297317436],[-6.170595058441414,56.93522042929674],[-6.154954410071555,56.94467754312632],[-6.126613314096578,56.94409394346185],[-6.111168358021234,56.93499339674095],[-6.105483490553056,56.920883050093366]]],[[[-6.673830367029864,56.97068884114436],[-6.680548241050014,56.96647914889816],[-6.685323027199726,56.969088635801896],[-6.677853020143505,56.97386649735932],[-6.673830367029864,56.97068884114436]]],[[[-6.67871775173568,56.97419391300972],[-6.6791870910863755,56.97399641438185],[-6.681606166005873,56.97489522942347],[-6.680328328147818,56.975213002941075],[-6.67871775173568,56.97419391300972]]],[[[-5.780179234842255,57.03536411148411],[-5.78164978193521,57.03522974255743],[-5.782051548051967,57.03593688691146],[-5.781074206119887,57.03605635013679],[-5.780179234842255,57.03536411148411]]],[[[-6.61559897205459,57.00847590633766],[-6.616035738440535,57.00801001227544],[-6.61743756481346,57.00867781542789],[-6.61654180975839,57.009430530766465],[-6.61559897205459,57.00847590633766]]],[[[-6.5929442141275505,57.0372852943597],[-6.593359444456676,57.036640385472246],[-6.5948819246690515,57.03694422127306],[-6.593623340142817,57.037440235334635],[-6.5929442141275505,57.0372852943597]]],[[[-6.313296231541834,57.05840946501092],[-6.2533917563998145,57.03745929622682],[-6.240016092152146,57.02156896689231],[-6.252447216305257,57.01279382647967],[-6.231237794061227,57.002394182916355],[-6.2454382780357145,56.96656733414112],[-6.302726068350355,56.93235777751645],[-6.333565655955429,56.93105204193404],[-6.376154788265862,56.94783444549131],[-6.38702207181074,56.966790129447986],[-6.465947121597934,57.006410057653994],[-6.375945107148066,57.05531766218848],[-6.331012101696906,57.0630938684592],[-6.313296231541834,57.05840946501092]]],[[[-6.5009807573065865,57.07301299707796],[-6.480816593221773,57.06744942567368],[-6.460135797065489,57.04178713688604],[-6.552308092461743,57.0452619983838],[-6.595857887447226,57.03781735883376],[-6.617600889657097,57.049025827542216],[-6.606896661078058,57.060001477319666],[-6.558066274181411,57.071588207891324],[-6.5009807573065865,57.07301299707796]]],[[[-5.697172821153564,57.33112157842981],[-5.698001529929035,57.33109719381674],[-5.698212365504122,57.33154051748883],[-5.697070191486496,57.33175393724951],[-5.697172821153564,57.33112157842981]]],[[[-7.690205541992992,57.533940653877444],[-7.585024150715089,57.54076590132138],[-7.572799704946031,57.53414832029516],[-7.619860993756229,57.5075498023081],[-7.6444301921634965,57.515367851596736],[-7.69511958468029,57.51219622672816],[-7.740850283294079,57.54199087229927],[-7.727891518548686,57.5457517673068],[-7.690205541992992,57.533940653877444]]],[[[-7.611941315737428,57.56531208166003],[-7.612592920520279,57.56519303059558],[-7.613313520695173,57.565520941553956],[-7.612717107896519,57.565997568991925],[-7.611941315737428,57.56531208166003]]],[[[-6.420533786602594,57.727847634609404],[-6.420824815778503,57.72747770877694],[-6.421727487365207,57.72798575950934],[-6.420755904813181,57.728289552206604],[-6.420533786602594,57.727847634609404]]],[[[-6.423044802750324,57.72775979944917],[-6.4238599030497365,57.7275514020761],[-6.424449719864207,57.72825025711576],[-6.422932145527887,57.72821342709046],[-6.423044802750324,57.72775979944917]]],[[[-6.4272457006673385,57.730490736410616],[-6.427726013867964,57.73029403930881],[-6.428595960382418,57.73053337822626],[-6.427857557333291,57.731368680728764],[-6.4272457006673385,57.730490736410616]]],[[[-7.714287398109669,57.68780977430277],[-7.715175761405075,57.68704941266104],[-7.716971623352756,57.6877781792458],[-7.716779062099782,57.688687056674326],[-7.714287398109669,57.68780977430277]]],[[[-6.42390373071135,57.737532896258934],[-6.425399779089294,57.73739060184646],[-6.426598745340926,57.74031655942734],[-6.424356043649601,57.73985543515794],[-6.42390373071135,57.737532896258934]]],[[[-7.7109521241993075,57.689040977140884],[-7.712912450832024,57.688682178563305],[-7.714334718722313,57.69023803529638],[-7.712136877924144,57.69015753376674],[-7.7109521241993075,57.689040977140884]]],[[[-7.7096475679301975,57.69036022917966],[-7.710829939728739,57.69039672911497],[-7.711471709577082,57.691267825430984],[-7.70959350337436,57.691082793141156],[-7.7096475679301975,57.69036022917966]]],[[[-6.428698914171257,57.739613451510024],[-6.438115041067284,57.74234115980103],[-6.4418249384935375,57.74652791075168],[-6.4373934105133594,57.746053938763005],[-6.428698914171257,57.739613451510024]]],[[[-7.680549811826177,57.70094498667189],[-7.687154177206495,57.69803713087042],[-7.689229464768898,57.699473804818666],[-7.682612542919045,57.70337247336509],[-7.680549811826177,57.70094498667189]]],[[[-7.251184889899362,57.80813863173624],[-7.207444952759826,57.78639501200255],[-7.193978297373545,57.77095717556249],[-7.232664565028249,57.754731867529074],[-7.2664526501162685,57.764927582168106],[-7.272811184152489,57.77179156781133],[-7.272114534733661,57.7973013055862],[-7.2658759483922015,57.806886826378744],[-7.251184889899362,57.80813863173624]]],[[[-6.328622816269703,57.9100925359074],[-6.318452126106856,57.897477095501635],[-6.3512613439477645,57.877039142806396],[-6.415101474954801,57.89780049918141],[-6.384873504051768,57.90780788056892],[-6.328622816269703,57.9100925359074]]],[[[-8.576706144027225,57.82982711495446],[-8.558756734509842,57.82751908213094],[-8.543536701824534,57.81420034893786],[-8.541266600854627,57.7995578200661],[-8.502283600801993,57.78976073474861],[-8.579104737254298,57.79153460344318],[-8.645820550916001,57.81977974867361],[-8.654738420148316,57.83085436350236],[-8.623721342799024,57.83982722664204],[-8.576706144027225,57.82982711495446]]],[[[-7.1252036117373665,57.93480585279123],[-7.126212756082513,57.93476504854896],[-7.126483249187669,57.93547392136612],[-7.125603921697819,57.93523954931351],[-7.1252036117373665,57.93480585279123]]],[[[-7.132871080241348,57.9375548314251],[-7.133673667174027,57.937252401997654],[-7.133763317382289,57.937878609614884],[-7.132871080241348,57.9375548314251]]],[[[-7.130503448512573,57.93756069641431],[-7.1311762576677715,57.93753346561538],[-7.131576671050996,57.937967141551376],[-7.131136063471315,57.93843485961244],[-7.130503448512573,57.93756069641431]]],[[[-7.114676995346779,57.93927991429731],[-7.1157118083157,57.93941811312542],[-7.115762862079111,57.93977595601222],[-7.114248908817931,57.939837038229456],[-7.114676995346779,57.93927991429731]]],[[[-7.122331886975489,57.9419400660093],[-7.123173011444496,57.941906079415325],[-7.123624519028103,57.94269761951114],[-7.122446919143392,57.94274520377585],[-7.122331886975489,57.9419400660093]]],[[[-7.129208877105708,57.946250833488506],[-7.130024488861235,57.946037882560056],[-7.130980940514103,57.94680897004966],[-7.129117434061403,57.946794392088236],[-7.129208877105708,57.946250833488506]]],[[[-8.48407664336516,57.85903211068304],[-8.512233280785916,57.861688810418066],[-8.518589952582529,57.86706724954577],[-8.504138567042416,57.88278669460974],[-8.491085847166314,57.88424943534096],[-8.47385162571292,57.867866541156175],[-8.48407664336516,57.85903211068304]]],[[[-7.097810833569113,57.97414957597657],[-7.098989508595211,57.97410220390375],[-7.098923036119307,57.974824672678345],[-7.097226444675172,57.974802880571076],[-7.097810833569113,57.97414957597657]]],[[[-7.103793426473939,57.9745388399795],[-7.104130191656759,57.97452529031743],[-7.104867489436472,57.97494549706489],[-7.1035331632288115,57.97508916035474],[-7.103793426473939,57.9745388399795]]],[[[-7.102392707556996,57.9754049612866],[-7.1032473921281545,57.97546055637978],[-7.103311143443685,57.975907866138186],[-7.10183387789759,57.976237210209895],[-7.102392707556996,57.9754049612866]]],[[[-7.096823157852725,57.975538880302636],[-7.098195743939337,57.97566367487955],[-7.098596215654173,57.97609745290681],[-7.097118896003774,57.97642674289125],[-7.096823157852725,57.975538880302636]]],[[[-7.2691303740216,57.97713651822289],[-7.270658695327058,57.9771630045895],[-7.271242763319101,57.97767864525005],[-7.269598729593739,57.97801691399649],[-7.2691303740216,57.97713651822289]]],[[[-7.2878440387863845,57.98571631237941],[-7.288322287707663,57.98092709156628],[-7.294156031896627,57.98257346244932],[-7.294526484208566,57.985077633507096],[-7.2878440387863845,57.98571631237941]]],[[[-7.571393021064151,58.28264090179285],[-7.590427116066033,58.26681066386552],[-7.609633628723336,58.2806243445683],[-7.65110252520156,58.275288738207095],[-7.660273616508734,58.2810968808393],[-7.651156782305854,58.289251266595954],[-7.593076434408698,58.293732551351695],[-7.571393021064151,58.28264090179285]]],[[[-6.207141269534361,58.4867813180568],[-6.177834516653477,58.46937951344753],[-6.186006647677097,58.44828415496723],[-6.1632642925558265,58.42926494844594],[-6.1644233745101324,58.416761407730846],[-6.18302036368578,58.40635745466808],[-6.206451215397432,58.3672958671835],[-6.15804153619443,58.34220812155871],[-6.194210555554586,58.33470548873543],[-6.231814227864599,58.3106703699787],[-6.240226577027646,58.29304167694052],[-6.2734825356960995,58.28821683117848],[-6.2793760418004645,58.26686970692465],[-6.3196577586053095,58.263090466604424],[-6.312937016756849,58.24496799097912],[-6.337921258369133,58.232062312055064],[-6.289085906981861,58.21303422177162],[-6.236626525507848,58.23058700338944],[-6.211066824905402,58.25047832416694],[-6.170492399803607,58.2668624554812],[-6.136853450598657,58.26598412997797],[-6.130922911315372,58.25522116284254],[-6.15358533354007,58.23016307818241],[-6.15478303274469,58.214174202570504],[-6.1966520726523155,58.18759792017444],[-6.225940546590778,58.17913667042697],[-6.322416070415761,58.18525369049695],[-6.362670929441036,58.16878916748065],[-6.360425055262774,58.137417578012496],[-6.367442790206231,58.116137739096686],[-6.359231230108445,58.059038250660485],[-6.3660246001028105,58.047175703919436],[-6.351805533937002,58.04062105279889],[-6.352041183683853,58.029970999364856],[-6.382764217026719,57.99746650300947],[-6.41383529030153,57.99230477744407],[-6.440399174961421,57.975867798576026],[-6.465961583482742,57.93589254998505],[-6.515547153556358,57.92418873552054],[-6.529639407164991,57.927796493625046],[-6.53489605668754,57.91513249703163],[-6.569873718535026,57.90719608608117],[-6.657887922467515,57.89937162988368],[-6.662397721294738,57.89432821122489],[-6.635707814967361,57.86057427086539],[-6.637997596820608,57.85239740118196],[-6.705101611297808,57.84589747779701],[-6.728479931772066,57.83354426546162],[-6.733335565605521,57.82313803289942],[-6.7787375015085285,57.80375990561051],[-6.821260520454438,57.79895322703738],[-6.870009018319102,57.77059166498858],[-6.891306998146096,57.768154585608535],[-7.012075972365244,57.68771014007158],[-7.0489828090408935,57.69038032098136],[-7.053822190509578,57.67679747125694],[-7.033826193968367,57.66599681512839],[-7.035628423879218,57.65531348002573],[-7.080556397991478,57.61942908844843],[-7.0929673435213525,57.585548115043665],[-7.126387284614326,57.55742673438386],[-7.135121320559629,57.50078320602211],[-7.184148794046278,57.42993300758657],[-7.180439411444443,57.397494902853744],[-7.207164080730134,57.37902777765267],[-7.199065597113005,57.345943274758014],[-7.2112452222492855,57.328730561144184],[-7.185991926124974,57.296761701869634],[-7.198023834398847,57.27854603803334],[-7.235053492760635,57.26511606757751],[-7.236823694059966,57.24827004079221],[-7.252926730804517,57.230742726195224],[-7.2529870503105185,57.211088350448655],[-7.233875379316286,57.19080204208152],[-7.247628886652805,57.152150549657804],[-7.236364945695433,57.1318678376262],[-7.2042884638002755,57.11731785202378],[-7.220537012374667,57.10017548217733],[-7.221585592043534,57.0844094654288],[-7.270298269215241,57.07131069023861],[-7.286094153666932,57.045447813747046],[-7.315486744253771,57.02530289581695],[-7.314866531959029,57.0138494365955],[-7.348914814897238,56.968217285632306],[-7.399390540558024,56.97578776578315],[-7.439422297471115,56.94355900948051],[-7.429377112502121,56.918798353389136],[-7.434679043370138,56.91122019294044],[-7.491024089897987,56.914411094376405],[-7.485030074468843,56.88816134336868],[-7.49218224614345,56.87997688857952],[-7.5403141474873046,56.871274953252886],[-7.543666983713029,56.84611487200924],[-7.581454153797821,56.84328840106038],[-7.603415126945111,56.830050528227225],[-7.616933578590707,56.811162442830316],[-7.602713256567585,56.779485847973156],[-7.6375912607877465,56.77353426664739],[-7.669429582205446,56.782583974151514],[-7.676631578707935,56.802119176376515],[-7.668089913004445,56.82309082720438],[-7.600986104392705,56.86116490024048],[-7.589131836625131,56.87565680533402],[-7.570416005012539,56.9181517752298],[-7.587642497783445,56.93707538355272],[-7.5577254666286215,56.973246301857124],[-7.527970850060613,56.97880306600214],[-7.5318654844346495,56.98842549614525],[-7.51925410147925,56.99344806979192],[-7.518239097571672,57.00444117204479],[-7.534303857516915,57.015343626261476],[-7.463643529451108,57.028526420405406],[-7.458719416344967,57.037482003962154],[-7.46393793137983,57.05808489195084],[-7.454289706225521,57.07162722164645],[-7.397911644523255,57.06760804604593],[-7.377946567299455,57.083614894025445],[-7.386200648331721,57.10571474547438],[-7.421998000700798,57.129178775285375],[-7.419969921304027,57.16109139390668],[-7.433791946939381,57.18805244968077],[-7.441641413365313,57.23069079014719],[-7.467248205373858,57.2418854919697],[-7.435248502902293,57.25269422615699],[-7.433878837801117,57.26721659098699],[-7.445085960313353,57.28876884545877],[-7.408061681385487,57.303161379754094],[-7.411235266246323,57.352178393219184],[-7.439599328270058,57.38580363203699],[-7.408806391653719,57.399096887349714],[-7.402457066136695,57.43480931372224],[-7.418096458245745,57.44982810732266],[-7.419520582577029,57.46678321809485],[-7.384666414067686,57.49824255551836],[-7.381116392211193,57.51487198757249],[-7.418981414218871,57.54457105816922],[-7.487904656596367,57.56593820703678],[-7.541227956211137,57.59514430770623],[-7.602492436830033,57.6026310639205],[-7.55469701565948,57.60978553068099],[-7.51028444729265,57.63337101089401],[-7.494706629478165,57.66352646356247],[-7.380867519995802,57.67387763020229],[-7.330141358281369,57.691702589555746],[-7.292039411319771,57.7420090793699],[-7.280101145996232,57.73929812818971],[-7.267550600202612,57.71971347331644],[-7.231811921437048,57.71323687943635],[-7.201912135003218,57.73935672541184],[-7.14808079984914,57.739995254686455],[-7.1367172279730235,57.730643798754],[-7.156466790098911,57.69260216068662],[-7.145477238430469,57.68100925108757],[-7.109685992332283,57.68119855411042],[-7.066227141442267,57.713520938553515],[-7.1052525973526155,57.745019134839595],[-7.105763572779235,57.769365988085866],[-7.092549774889922,57.777370804276686],[-7.0864658185658485,57.79777997782056],[-7.179549962387186,57.82944347381721],[-7.107098199516567,57.8457425301905],[-7.0651625062911405,57.827632391465436],[-7.02800630253553,57.84142906177494],[-7.011438021776295,57.857408373034914],[-7.027681432735939,57.881656621807956],[-7.04200344764603,57.88645158702535],[-7.079343834889778,57.872340779565825],[-7.095113239824995,57.89377213180374],[-7.058413315778406,57.90399514454605],[-6.997143101686766,57.94243304594199],[-7.083582603300079,57.963150153491604],[-7.093957373506089,57.982916341664314],[-7.115932663716944,57.983353225351394],[-7.159383769916144,58.00528578671996],[-7.177445537977189,58.02610816166824],[-7.145981317087479,58.07683123004181],[-7.14331005263777,58.132400056339414],[-7.127557970890461,58.15251636202863],[-7.123160924974164,58.17890769106139],[-7.102006783000012,58.191147975874706],[-7.076079174499201,58.19277790251595],[-7.058701617049325,58.23208208893625],[-7.038315648471204,58.245880737017885],[-7.022371847414742,58.24720645204409],[-6.97782773521284,58.22701338712599],[-6.942403834942867,58.260338671546734],[-6.926755468954642,58.28797237281799],[-6.881445724519216,58.29574038278497],[-6.838066560740493,58.29183794575927],[-6.804581679111389,58.31033596796051],[-6.763977785457962,58.31353114281494],[-6.672570140183423,58.354065878030035],[-6.651723890196483,58.35834442670515],[-6.623550974402209,58.352006730674404],[-6.555896047766813,58.37100895472005],[-6.527885505192005,58.39982075197186],[-6.363902863148859,58.463807951200934],[-6.341500203533246,58.481255731437976],[-6.292912771203416,58.49419507249656],[-6.285444146963592,58.49957754038086],[-6.294356764463363,58.50908062213744],[-6.287735633467596,58.51547737560613],[-6.248964771724457,58.517103686474705],[-6.219789015169599,58.50260821539871],[-6.207141269534361,58.4867813180568]]],[[[-2.917933899022411,58.696001936538664],[-2.9055446049412508,58.684723283164836],[-2.904350108604151,58.67020110892786],[-2.9196076784008906,58.67025804517888],[-2.9421943320560024,58.68791939170849],[-2.917933899022411,58.696001936538664]]],[[[-3.087368711721853,58.65610560098555],[-3.0790938032370394,58.64888437924888],[-3.0331385583118777,58.64966023111487],[-3.01761610580175,58.64164886979529],[-3.036439972549697,58.59561316174919],[-3.0601137500629667,58.58777618906618],[-3.053651604748368,58.579846087766605],[-3.0613520494044226,58.561469847346196],[-3.12447270817286,58.5154787205564],[-3.125546981125108,58.49970445858842],[-3.113038190356681,58.48131187127],[-3.0521508519161675,58.482894653509916],[-3.0407175461718974,58.47620002143148],[-3.043826438633022,58.44811657307577],[-3.064691107740838,58.43608560522567],[-3.063457749917366,58.42569783743534],[-3.101290657439916,58.3689075374189],[-3.2145927680193935,58.30184626493766],[-3.382996057177403,58.26233487566544],[-3.42340730466642,58.237288774766434],[-3.509002416675603,58.1644872655797],[-3.6546186056834835,58.10794271333371],[-3.741931836414174,58.064870607188624],[-3.7962106197448557,58.05459199404083],[-3.827462952791418,58.03465121533604],[-3.8426175560438054,58.00400586339488],[-3.8896806229535894,57.984043851474574],[-3.978922960844372,57.96485072244236],[-3.995977694226507,57.93194750719509],[-3.984822277111375,57.903801723999116],[-4.00364831321996,57.88811788164689],[-4.005100059819838,57.857372314904026],[-4.0711581043356,57.862716551435874],[-4.107006231240754,57.84594361171503],[-4.125666653798806,57.84568624797381],[-4.048342475399454,57.820731482723694],[-3.9639511099005387,57.84958583418969],[-3.8676464903014525,57.82796504141834],[-3.838578730283985,57.83863054437232],[-3.8180339919040818,57.86334920808322],[-3.784384939517365,57.8708900935669],[-3.7670815297332294,57.868267791254624],[-3.772488018293424,57.85188932720594],[-3.8640777640848905,57.77473414343617],[-3.908082873072232,57.74993691477597],[-3.9691283466436973,57.69143427382278],[-4.02693729333232,57.68698023160515],[-3.9860925770261093,57.67565005288531],[-4.093610071412764,57.60539429037657],[-4.102915835663015,57.58930558082154],[-4.084271066725382,57.571071517758355],[-4.1328084073954985,57.573474052256195],[-4.161822005744208,57.56278928616727],[-4.225754868066978,57.49981706207879],[-4.169397346633861,57.49441070504574],[-4.156914281878165,57.50334559053019],[-4.152852946889163,57.51968795354157],[-4.126787311534316,57.521505149884725],[-4.105508338153642,57.53912596737084],[-4.04981635221388,57.56153942286292],[-4.05175737895107,57.57151478759909],[-4.08098197916783,57.57864271514485],[-4.0815446516574765,57.58576056093758],[-4.059885891618991,57.594756568651874],[-4.022589110210288,57.59592907784143],[-4.016299297897598,57.60654368707474],[-3.9317528867936176,57.59039710436198],[-3.853534834273269,57.59709375048765],[-3.8280179843787705,57.603741982652494],[-3.8294568555393824,57.61308526540832],[-3.8103023832727065,57.62461812377982],[-3.7108341075592777,57.66008939625794],[-3.5372025849583753,57.667096838615215],[-3.5044844359426754,57.68037419564026],[-3.4976154489028883,57.693378376290404],[-3.5059305672059944,57.70324795307499],[-3.4994443297048643,57.70835093222463],[-3.3411329004243884,57.7289029677085],[-3.2769653212771783,57.72834474272767],[-3.2496122336266176,57.71230121863303],[-3.1810424417175294,57.69414026716796],[-3.030782474613237,57.669119482574025],[-2.9240045412003863,57.701086119732174],[-2.857842178074527,57.71046596015084],[-2.831078476025373,57.69863517031936],[-2.7917249444912122,57.70400286005263],[-2.738353614596345,57.68963240351347],[-2.6660220220330313,57.69377574537299],[-2.6340233543577964,57.68536913027467],[-2.5722076360443378,57.68549851115466],[-2.538434115468447,57.67407415700693],[-2.39166080189113,57.672970051554834],[-2.3491012431068614,57.677701014091426],[-2.324801965069168,57.69350977450875],[-2.2986999525300598,57.69914159582524],[-2.2614005504114183,57.68594932588976],[-2.1895242903181975,57.676858236861015],[-2.119566981750803,57.70444137604642],[-2.0429208333456303,57.69705029531396],[-1.9996262154886424,57.70185210171236],[-1.9854546565174276,57.69437299888214],[-1.9842311033059754,57.68285815441315],[-1.9396705726960632,57.68430231226163],[-1.9147221156176426,57.676770339339235],[-1.8705439669267532,57.63420573113543],[-1.8158388736069668,57.61373241046923],[-1.8174461971728426,57.57821493600904],[-1.7967851374098127,57.555949801697906],[-1.797529596143199,57.52921517629559],[-1.7614787294677468,57.50765809106996],[-1.7633366989504906,57.49606279436775],[-1.7797464269463725,57.48353038370497],[-1.7604852173599814,57.46808950020875],[-1.8286038129416446,57.409261812981946],[-1.854076389740283,57.40441397355158],[-1.8537558771228255,57.38712717906618],[-1.9665477728839453,57.321123241066516],[-2.024188681902128,57.25834495809428],[-2.0576794964287677,57.20379195622958],[-2.0706074228913365,57.16388635511077],[-2.06845485686174,57.15193734842044],[-2.041517145823376,57.139959316257496],[-2.043127555935877,57.1244478176544],[-2.0870114697195206,57.06637424199896],[-2.15075268223737,57.01477657732347],[-2.171825130986914,56.9777540116241],[-2.194242009984753,56.966850970702865],[-2.183530025287075,56.95186694530295],[-2.188470734531999,56.909503350555795],[-2.209015152497335,56.87878584300934],[-2.3136645322827247,56.796205948680104],[-2.3717374758919894,56.77072452611511],[-2.397904750513099,56.768831394441186],[-2.414460577883863,56.755629736711946],[-2.439706502427662,56.710923039990334],[-2.429094448841998,56.70176326018573],[-2.4338464952646945,56.685684806683724],[-2.4947168015136,56.6557286141136],[-2.4970684810956665,56.63786707720639],[-2.471584250265638,56.62361789593065],[-2.5135201779732563,56.58020373212634],[-2.539304493463895,56.56049717566128],[-2.6040482069776165,56.54512798345353],[-2.6319551099525866,56.523436290261394],[-2.705868937144252,56.49393887258423],[-2.71404428653622,56.472978888207784],[-2.7309218132489868,56.460199456922005],[-2.7985882991383018,56.47587635385012],[-2.8654275919564736,56.459128858649926],[-2.9302990867685805,56.460950344730634],[-2.9857469434559163,56.446521355974276],[-3.0492170788848663,56.452425034251476],[-3.121129175387568,56.427265906018214],[-3.2247006695754785,56.36402010127607],[-3.275557590525423,56.3568473421849],[-3.2786754053147984,56.350709214358766],[-3.2559657657014918,56.3464246881093],[-3.2560664024599886,56.34013416311291],[-3.2729281287070426,56.33396904577115],[-3.266456892371909,56.328069305782314],[-3.300743566098139,56.314326216825954],[-3.2944137399538818,56.311679036381264],[-3.3001122130516363,56.30954378279079],[-3.2921904614406454,56.28892498798789],[-3.3248556336270667,56.28280225578509],[-3.3356501926899234,56.28940718093106],[-3.381669537748012,56.267651966375574],[-3.3503104735950067,56.25568829662329],[-3.367497757485766,56.239739341219476],[-3.2826158263781795,56.23457451251583],[-3.290247614290109,56.22500676397113],[-3.2664895528102518,56.219618606347645],[-3.275511117180825,56.21497039194017],[-3.260002223569219,56.19589205812929],[-3.308745516877046,56.185205345696716],[-3.29291470864095,56.1734484677933],[-3.305978279072463,56.1672999422365],[-3.3412826807379847,56.17384952264597],[-3.3716799611385215,56.16443165015387],[-3.3693024112883783,56.14558862919726],[-3.385918882801932,56.14216857176393],[-3.4171189363610734,56.138480976335536],[-3.4521897953657086,56.14969198926344],[-3.4980116313070977,56.150717374817376],[-3.525437568313791,56.14489154770761],[-3.5400031746502965,56.14647202782302],[-3.5450848666882986,56.15798214910846],[-3.5662327223314376,56.15933331852347],[-3.582888805391621,56.15088113374061],[-3.5809487938573423,56.13931434265817],[-3.63593212234748,56.13228132605968],[-3.644590429741453,56.14663360029537],[-3.636635922926777,56.1511153472618],[-3.6478694053758027,56.15968230642144],[-3.5921350815676854,56.17436790317872],[-3.597866537034672,56.18010771123022],[-3.574755011169772,56.194448972744595],[-3.6193006420153284,56.205510055758964],[-3.6364375865025353,56.197556662387576],[-3.6517666163940157,56.203193577725735],[-3.6676861833115213,56.18927646658742],[-3.6864588556964466,56.19586002461331],[-3.736825813089116,56.1890611831596],[-3.7508560643721323,56.21086093240476],[-3.7808847403532386,56.21723449357046],[-3.832339999767353,56.19142042556358],[-3.8812550294726895,56.196724397042416],[-3.947942253414857,56.173585026628096],[-3.954538415088553,56.17024576451109],[-3.9490752073762057,56.14508022057495],[-3.9819553389741387,56.14275972248566],[-3.9756861862740958,56.13351419906892],[-3.9861696846735355,56.12148382153335],[-4.0376508227139185,56.13062017823764],[-4.05887298756113,56.11220493053919],[-4.103808966644162,56.09859623024619],[-4.128984334877692,56.06823821153815],[-4.117537988452376,56.05872934790877],[-4.132530051947858,56.0451704210137],[-4.126241462389044,56.035932570614634],[-4.110197773925092,56.03315258913223],[-4.112681950992773,56.025740775134395],[-4.0987032605180795,56.02247459729849],[-4.126077678824,56.00960358789657],[-4.152379229025141,56.00804176348074],[-4.163651859308058,56.03033901436364],[-4.196542394199345,56.00892535646718],[-4.220780186358113,56.01980595207858],[-4.257006892521638,56.01723379243846],[-4.281160027717313,56.030647678676885],[-4.348631534289916,56.02019846313015],[-4.375183545647497,56.02310405382894],[-4.389932800069166,56.014757472703984],[-4.391117274608292,55.99701790642425],[-4.4002741918081165,55.994682870543855],[-4.512688524567708,56.02749019506332],[-4.561908963986825,56.02990860246119],[-4.601555526908924,56.02023172064183],[-4.617823083264136,56.03627273613737],[-4.639632012817858,56.035897639536884],[-4.646151094279727,56.02793813816947],[-4.67345785252083,56.023573888909034],[-4.702087044183394,56.07723937298107],[-4.783323963883122,56.10940989755593],[-4.79331692683869,56.127430873849974],[-4.821013007643243,56.13810681803805],[-4.890309219747195,56.05818430980139],[-4.869196207352965,55.97085900645141],[-4.904716386977934,55.937302955808434],[-4.926087307520444,55.895503152894996],[-4.933282525623414,55.85609891256804],[-4.953040002796533,55.82744422774369],[-4.890144388221441,55.79910619530316],[-4.878267275319102,55.77574027265856],[-4.893697114286206,55.74826774992237],[-4.920809250621405,55.72566455478566],[-4.930106215082183,55.702312379245534],[-5.004165740875684,55.72188306765152],[-5.038248507830375,55.719397584592336],[-5.056020848270256,55.7306477122972],[-5.070287136054171,55.756131865955034],[-5.101787528083647,55.7716110041109],[-5.121928307368153,55.76745413921984],[-5.165414248373326,55.7746404779325],[-5.1741691847032145,55.786565715188424],[-5.173631837242056,55.802915067054776],[-5.15040025951015,55.82151047341289],[-5.142713677994703,55.84488830893967],[-5.181170494292005,55.83764039646379],[-5.207716984010841,55.821691046211164],[-5.235811532421821,55.83440343402099],[-5.306951105391051,55.840164627313385],[-5.32871492710953,55.82536352582176],[-5.308265453511999,55.786564651527996],[-5.314325953638326,55.766343485660435],[-5.391167130886733,55.745343947881565],[-5.440972026760526,55.70725772901849],[-5.442662157676956,55.68848464513629],[-5.472771917937831,55.64209336977419],[-5.468942490169988,55.60557935847426],[-5.453595334733798,55.59159168790751],[-5.45312129279687,55.5750343769117],[-5.466830116639644,55.565326516806714],[-5.4816476458426715,55.573107317207764],[-5.4841861677158255,55.52972913507746],[-5.4962825908801065,55.52167089587658],[-5.506366559538573,55.486092499718666],[-5.5384598820987305,55.463473872493125],[-5.511427528985855,55.366992164741966],[-5.564225013731603,55.31282706917812],[-5.563466568327516,55.29521716767577],[-5.535629872511613,55.28490045077725],[-5.543472951303296,55.27770012923878],[-5.5949748782094915,55.27150505063484],[-5.604821251694876,55.27659858523212],[-5.61515831521184,55.30072305291978],[-5.656140789791027,55.304046551710755],[-5.7638322538427,55.28378068827682],[-5.805621555694829,55.296059761712016],[-5.813450924182695,55.308855266729054],[-5.807066667403034,55.33522405235421],[-5.812692356909415,55.363971318549105],[-5.803825410090847,55.39342245203588],[-5.75620629206196,55.4268274136635],[-5.72841124170156,55.43472580994054],[-5.722861913144944,55.52042547923058],[-5.7138525833416995,55.53684440945431],[-5.724979781862092,55.577268273150786],[-5.69674475240637,55.601312841907635],[-5.673092529921503,55.66888442314388],[-5.6822017715524,55.67659907933085],[-5.715991175856683,55.67854716472175],[-5.742594265556922,55.62635698324256],[-5.755864024097981,55.621289688622625],[-5.785554739911266,55.65577273394833],[-5.7831759394832165,55.677028701432604],[-5.728318071278255,55.7436304244784],[-5.678799437950832,55.73117769349945],[-5.7209060218275125,55.708206747259695],[-5.718573748961776,55.692185657168885],[-5.68270992982202,55.6875789215317],[-5.6425629297484745,55.70140485679325],[-5.610439854798653,55.7368484280653],[-5.627613096241984,55.778373852964485],[-5.660811982662724,55.790196409640515],[-5.676047913623188,55.80438319078617],[-5.678896325145996,55.81615480154814],[-5.665567497501869,55.857745692577836],[-5.71847166515158,55.90599132685249],[-5.749867786650862,55.9054993408208],[-5.74527451134992,55.91743384481294],[-5.722132209322918,55.93169813765145],[-5.754938684659931,55.9458650772262],[-5.717868652060521,55.95778533922851],[-5.679774166377324,56.01639065294118],[-5.64663759401343,56.047724274194074],[-5.668230288166617,56.07456754852909],[-5.618190711275977,56.06890246829016],[-5.604267100364703,56.083320297057654],[-5.6507167376297245,56.11915321676273],[-5.678988208589249,56.11064804741099],[-5.700983194397922,56.09180090633131],[-5.761548932287983,56.021496999283045],[-5.828355842912609,55.96246895683637],[-5.846075306807449,55.92641134911766],[-5.867736380556812,55.904331464844084],[-5.866664843985422,55.88723009602505],[-5.943092672557775,55.81663860699597],[-5.9581105159188885,55.79087450028082],[-5.990625943578666,55.782159823659356],[-6.02895515821402,55.78417339659431],[-6.040089559153031,55.773493004402255],[-6.043218819313894,55.742420973139886],[-6.02170949729222,55.726867141242565],[-6.030298242180093,55.707471021128875],[-6.01645379051135,55.695802390869275],[-6.009702912444327,55.671599707955316],[-6.037255306196533,55.65086164067384],[-6.140211092001569,55.60961378255484],[-6.188250364675879,55.61451300949333],[-6.223753148706595,55.60170060472269],[-6.262694733316395,55.57501436720286],[-6.300662328990075,55.57519875802563],[-6.345417124270942,55.58673310501027],[-6.347151408612279,55.612085429043496],[-6.312721974499855,55.648861147224935],[-6.275168635665446,55.65588109210987],[-6.269711446342706,55.6664092653999],[-6.300013491510937,55.70350301589561],[-6.346391716631474,55.71459112872153],[-6.342392847566054,55.73738101884631],[-6.365557143442827,55.73797718678442],[-6.414387426718205,55.698836672195334],[-6.477650365990776,55.668460437114994],[-6.523073931911652,55.670933927953456],[-6.539604199553596,55.69630874256905],[-6.464456380276661,55.7744657178583],[-6.494261483633437,55.79167629754335],[-6.46622237403767,55.812227949490996],[-6.47153495346572,55.82888176595309],[-6.460201068025461,55.85377776337773],[-6.431910740916684,55.86305298875498],[-6.399203378572251,55.86159823100219],[-6.335596383741203,55.90581286737535],[-6.321684157114547,55.90141772462948],[-6.31662731380184,55.876605560273255],[-6.2839560195498745,55.880403497201826],[-6.163932419453189,55.94640435558082],[-6.11959338235885,55.93932339862289],[-6.111547321371,55.91627033428373],[-6.0825622523412335,55.907964231328776],[-6.049483645008331,55.94161977978942],[-6.012883283272455,55.95360605115384],[-6.008245441589841,55.98942503055491],[-5.960904037370215,56.03659906635766],[-5.758180003189159,56.13193489555123],[-5.760403166000403,56.1712161419808],[-5.737216603224245,56.190884772305125],[-5.735515046476842,56.223515679072214],[-5.774158739944037,56.231350789812616],[-5.813284768710048,56.208792637127864],[-5.825455629896607,56.2143375940013],[-5.8220552527014755,56.222480391791414],[-5.773951404506845,56.25034036216913],[-5.744756288056661,56.256182612551065],[-5.719148848316834,56.24744820796302],[-5.66280635467509,56.267190020492],[-5.681931536312595,56.308635271239325],[-5.676979129716665,56.318282305851085],[-5.659058020491247,56.32711773382502],[-5.622049330247452,56.327048484658874],[-5.567720363861809,56.3474571330818],[-5.567482426487461,56.36696352691113],[-5.5757039899893,56.37262967669433],[-5.6197300344802015,56.36162846478006],[-5.626077514045086,56.37062985363821],[-5.567057662294938,56.41174701911981],[-5.509321795970381,56.4276548482972],[-5.453421146654123,56.4563521833033],[-5.470845772821652,56.4752997013565],[-5.5488116624921435,56.47002717088102],[-5.6330838813928805,56.439376801593035],[-5.65974189679921,56.38800226120101],[-5.683097864422559,56.37757395361108],[-5.7020721820516265,56.35780568384524],[-5.833707221860451,56.304645215979065],[-5.8913464068166705,56.31585675023846],[-5.895113194550957,56.32407463400987],[-5.873721311117179,56.33425258394699],[-5.893715144519225,56.34332781489924],[-5.930488537549641,56.31749948432823],[-6.043408011021771,56.2884778161745],[-6.079448979729597,56.29498172547927],[-6.120416258387376,56.2921539917982],[-6.141915348130661,56.27994118205263],[-6.222284261010284,56.27801842869287],[-6.263838626035945,56.26015302365219],[-6.304084614909063,56.26116306269436],[-6.346024529135255,56.24514707633886],[-6.356025046300779,56.24895861499839],[-6.3657342259034335,56.27091999704091],[-6.423145338920581,56.291032404531656],[-6.452781533444974,56.27884387754113],[-6.467304387135749,56.282881302459394],[-6.468680275863371,56.29458002678208],[-6.44671244389058,56.33030766284476],[-6.474648474456789,56.343436788612806],[-6.472333807483884,56.350493641189296],[-6.423990406899549,56.344566251545075],[-6.3741346881475405,56.35724062851477],[-6.264018828796856,56.338414527521884],[-6.22771992866543,56.34960458933114],[-6.21458637310321,56.362472659388956],[-6.211421446096587,56.38745399846546],[-6.162995540988671,56.413221932711345],[-6.174586032453571,56.43945796550137],[-6.196206873664732,56.45325985354867],[-6.261859742622102,56.44063667770289],[-6.316743376342815,56.46733989467651],[-6.317958494396628,56.49658257369734],[-6.30000787620708,56.503525294362596],[-6.29694708677862,56.518873466697656],[-6.322213372967773,56.52655862939804],[-6.366926336447936,56.51674175101596],[-6.421589990340241,56.47773148177082],[-6.4810808161277516,56.453999787509424],[-6.476004400256745,56.46645443947999],[-6.443361954621283,56.48232256335536],[-6.432017849571161,56.50015512877021],[-6.351584494255527,56.53775223056804],[-6.3431634521984055,56.55515509778111],[-6.305724577642178,56.56780746485681],[-6.325248157226105,56.57762513934733],[-6.330666111914462,56.608452167331514],[-6.276088707764064,56.60907027512606],[-6.261802711144451,56.61788855927597],[-6.2392285669101515,56.61430258540674],[-6.233550159596838,56.636649801952245],[-6.131205436965261,56.65968262029468],[-6.041386086622448,56.63234218837117],[-5.9946569257186,56.66730231833398],[-6.064220246923053,56.688518360670486],[-6.1209543691283566,56.687278417368155],[-6.143960044987573,56.6782083388653],[-6.188896386750739,56.68246910330546],[-6.226368040951218,56.70112260494049],[-6.236184106829998,56.713522947608595],[-6.233428911873142,56.727698454790556],[-6.189881631122872,56.75841431709768],[-6.120001453149244,56.76928205868027],[-6.066635628287222,56.76439121551844],[-5.989213728675706,56.774077727483096],[-5.967226188154163,56.78782671127896],[-5.943101987425775,56.781171838105664],[-5.909096272069327,56.757558350366416],[-5.900275079539031,56.76054116336223],[-5.902303603463768,56.77789841441152],[-5.887227144739188,56.82079286270524],[-5.859005151434185,56.83643662123858],[-5.814854437907756,56.84268202612523],[-5.802294260507096,56.857064444058615],[-5.8649930851137695,56.87618523316569],[-5.884057334539603,56.858977486241955],[-5.902724367364353,56.85865715771927],[-5.942999511122828,56.904416767892606],[-5.87134104215936,56.94568544922599],[-5.841183851217082,57.00669892355864],[-5.82515847440384,57.01402553009676],[-5.727159692371795,57.020845202248076],[-5.702423435940792,56.993412820755324],[-5.662512999902079,56.98221775398338],[-5.693902980864564,57.01628740569197],[-5.685400590220038,57.03079589927841],[-5.70876997999308,57.035031118764515],[-5.749947467951122,57.023893790024246],[-5.767956994544731,57.04047096770205],[-5.792744252821616,57.0459771694504],[-5.804167155272605,57.060959424989086],[-5.779453763006702,57.08377309450212],[-5.7413789178198975,57.099988787026085],[-5.727272433402988,57.12027830539495],[-5.676000834617479,57.12452399617436],[-5.667160970836251,57.13579042743796],[-5.708804785107608,57.16085979999028],[-5.753911949748263,57.167381716309585],[-5.799934499686316,57.11829058836383],[-5.823295773387903,57.10438393984933],[-5.8473956077329525,57.10339483620087],[-5.895823783599206,57.05289706084851],[-5.958159100309364,57.02396618170246],[-6.020408969266932,57.01319091503619],[-6.040174671484643,57.03500995448287],[-6.045831363966646,57.054605102429726],[-6.017504979342206,57.076061901246774],[-6.016545595603524,57.09115036228847],[-6.002479259861063,57.10866947392689],[-6.011615261978253,57.11851850267398],[-5.986591064150554,57.14131549272743],[-5.9527521631615095,57.15058780135126],[-5.9281717966637055,57.16750070474062],[-5.996963613803211,57.16475314318083],[-6.017190726606448,57.198550326491024],[-6.022639031414289,57.181412580682476],[-6.039452395613432,57.172124007962914],[-6.0692220355058835,57.13069784071653],[-6.092942864219066,57.11813340877169],[-6.119563870293675,57.13619299275526],[-6.111603158613639,57.166979013441065],[-6.119354513228126,57.183529931868804],[-6.155562615016424,57.18677965761138],[-6.176507800537209,57.14985166405711],[-6.220168956012818,57.124453592392754],[-6.251162686668073,57.124009444744836],[-6.268591949018524,57.1468316963186],[-6.327258083701976,57.1566546938619],[-6.3306915766994685,57.163980191919755],[-6.292753297245265,57.19476556101387],[-6.347839461102989,57.181078659236405],[-6.405825871906918,57.21411983131438],[-6.456462826749637,57.26028554790223],[-6.469420642434743,57.28242714987341],[-6.487708649205839,57.288531656644174],[-6.49012295963303,57.30737093703586],[-6.519912591369513,57.32897005665308],[-6.532604541634047,57.34871248066741],[-6.572951546683473,57.32777741406243],[-6.627820919312644,57.34415322361218],[-6.6723421986614575,57.329156447347806],[-6.701582263676446,57.36116251760191],[-6.7258385889909995,57.36948178250939],[-6.743537218430973,57.38613425969078],[-6.739415666607686,57.39761552651631],[-6.750671789053877,57.41542476773871],[-6.769803234101166,57.42256558340967],[-6.795300619384878,57.41863050033118],[-6.7898460001486916,57.457841300393596],[-6.751063278685514,57.46258544071868],[-6.756510917137692,57.49589406104705],[-6.749757434103789,57.505016848880274],[-6.716025212223235,57.51677435558968],[-6.6886963633196395,57.49596581564065],[-6.657218211163144,57.50507201142115],[-6.663490323849165,57.55206409193049],[-6.6504183410840305,57.56256580034269],[-6.643061720603113,57.6086701926713],[-6.617085171137869,57.609964501834675],[-6.589599394554137,57.59889488854085],[-6.5390883491188525,57.60348441817974],[-6.507824326053649,57.59533209942598],[-6.5019338049123006,57.581110424241686],[-6.5112632115474,57.573413031554196],[-6.525587186404676,57.5740235407525],[-6.539647101057178,57.59029594001638],[-6.561984016443147,57.57930024554288],[-6.559794405080121,57.5537972544912],[-6.500350895067057,57.537580809300145],[-6.455374526365158,57.51010699815691],[-6.413348367793373,57.53609823088537],[-6.401968298395383,57.570400326949176],[-6.377512761799002,57.579136740110734],[-6.4027199788568,57.58398555204678],[-6.407327687606153,57.61335187866698],[-6.43519960044655,57.640447645402574],[-6.417019991931672,57.655245562117265],[-6.439985837391758,57.686259795787166],[-6.425730243506994,57.687687467694154],[-6.401545100692611,57.665139633108474],[-6.379876789746632,57.66575006113843],[-6.365638572847647,57.68543735400633],[-6.361980249911061,57.709284271643504],[-6.32872460204139,57.70547698743316],[-6.309267019541942,57.72854382511393],[-6.291673705395914,57.730558376773004],[-6.285197950285109,57.6949955779809],[-6.218459751444546,57.67174139227931],[-6.161250703421437,57.606794615226704],[-6.129641885716987,57.58827502257706],[-6.1374576171644195,57.56843910693034],[-6.1349192434868645,57.51350698756163],[-6.123388820060178,57.4833836039441],[-6.140170308556169,57.42700637871292],[-6.167215506589491,57.4096509476279],[-6.12192774141988,57.401598256416264],[-6.090751828352416,57.406275231295666],[-6.085490686990765,57.440057293844106],[-6.04484869616922,57.48314891135594],[-6.009036166169813,57.54527994919243],[-5.994345344447617,57.550938830570914],[-5.9971602265144135,57.56928668654804],[-5.989761697142261,57.582262940005435],[-5.977004963787283,57.588440353398525],[-5.954186703392585,57.58313425375773],[-5.947000838897474,57.56612586312771],[-5.97665539944071,57.47948151783786],[-5.995646653224857,57.450374963926436],[-6.023866152808708,57.43136131253215],[-6.009272928247645,57.388283485731144],[-5.986141070796273,57.369230093645605],[-5.991578920624809,57.34238488061475],[-5.981736183618027,57.329288170639295],[-5.939565765511712,57.334019731282645],[-5.87775033039628,57.31259013802289],[-5.88064789905111,57.30391189442948],[-5.91729140534412,57.28972500144764],[-5.912621491626257,57.27973770131245],[-5.8531457957798345,57.2860256005484],[-5.809887281634277,57.26236369215161],[-5.750002913840576,57.28981006207563],[-5.7277971576550755,57.31714263940142],[-5.692898669911126,57.33101767937344],[-5.691801307298498,57.34242621385833],[-5.671037313335843,57.35071748584768],[-5.660449842416133,57.364276153247694],[-5.690017448867769,57.36783145190376],[-5.727299872296094,57.35064022861778],[-5.832788161189903,57.32861403153665],[-5.8510937548439905,57.3336630741033],[-5.865163891675886,57.35085418414362],[-5.819551941090531,57.43690317328173],[-5.85944448191204,57.438878142304546],[-5.880470323132216,57.4723073653757],[-5.849203727400951,57.5774166521774],[-5.813351524023291,57.58927918609416],[-5.755871058227398,57.56593746670943],[-5.709566853780148,57.572917541179166],[-5.736030156535802,57.58403002959447],[-5.750275428908005,57.61022644860115],[-5.80289209814569,57.61342495411869],[-5.826963910911441,57.63794177651472],[-5.817577338116776,57.662950936796584],[-5.798050772164837,57.68270568680797],[-5.79635254721883,57.697174389192234],[-5.745216616187168,57.71146884341841],[-5.737994477771763,57.72243467556521],[-5.810459152987671,57.722049980997696],[-5.8308180360062805,57.73012780097787],[-5.811617951007321,57.78664680514052],[-5.825413071433211,57.82972911771797],[-5.822974353581779,57.85708808067052],[-5.75941108811353,57.87360857596819],[-5.66529201627884,57.88257814551066],[-5.648725267642285,57.910352654540475],[-5.620406757052696,57.92819884968117],[-5.553832553242828,57.917575283036584],[-5.542457207053835,57.88280223157859],[-5.530771903191202,57.870651479893034],[-5.511104028500194,57.867003602205415],[-5.489556215748822,57.881869270554645],[-5.483897239290001,57.90055843440524],[-5.404406428205552,57.90965229903795],[-5.4145248511146296,57.930590370734784],[-5.3803412329172104,57.9377562489359],[-5.360163859439322,57.98796379165957],[-5.3948310188391195,57.99310079224769],[-5.441611836200717,57.95517535727925],[-5.518335872436842,57.94946881434945],[-5.533263744252577,57.961011719930355],[-5.5161066254216875,57.990208727798965],[-5.470726420663436,57.999698980841735],[-5.468318155413427,58.01039733600453],[-5.4813575480522525,58.031662386221456],[-5.46350793888281,58.08436381411064],[-5.443489847836174,58.10612769156929],[-5.417330910389263,58.106763628033036],[-5.361633969223444,58.07895531117685],[-5.310369300178022,58.08739342716111],[-5.318644262294815,58.1072835918064],[-5.357719094608854,58.12842517326987],[-5.3365403200044526,58.145717538724675],[-5.321869253760611,58.174682629649446],[-5.34343059189247,58.18164452532186],[-5.370286462927065,58.214680861051654],[-5.408857080143083,58.23284949479544],[-5.410478493964779,58.23996816700354],[-5.39851552312941,58.257087732891584],[-5.376411266250382,58.26736335192458],[-5.34853465222385,58.2552646048353],[-5.297931761168361,58.2577520795472],[-5.266571375221536,58.27220103089806],[-5.206552412338552,58.25839817613229],[-5.171302473441966,58.26369216088589],[-5.16783439806048,58.27809514093821],[-5.217479139041256,58.28567633551529],[-5.185014720992709,58.33826139483723],[-5.215516264186592,58.37238025367977],[-5.216097307476475,58.38194633437024],[-5.15980278399332,58.403488448916754],[-5.145823031137339,58.43743518058131],[-5.095890182663488,58.451927403009726],[-5.0965403353109755,58.46140968249685],[-5.146776950726182,58.474741278125876],[-5.125175910548384,58.505749295176436],[-5.125971402336554,58.54631467199519],[-5.113346822240932,58.550250971587275],[-5.0738383725677165,58.54010874226478],[-5.056116156004995,58.54609416392629],[-5.029411510821478,58.57783543127096],[-5.0190901151824665,58.62085724583045],[-4.995553086310162,58.639843953626674],[-4.977816464939339,58.640110845529655],[-4.96698406250296,58.62365863431605],[-4.866167341978215,58.621494328861765],[-4.815300457952005,58.594399367539694],[-4.766526263473903,58.60758619466815],[-4.735345126614693,58.58495922742621],[-4.731042616576686,58.57348821319311],[-4.65492187793054,58.577436585503115],[-4.631933603704869,58.56017082186068],[-4.610242089858051,58.562855775973524],[-4.598616537992186,58.577938627930244],[-4.582004050929104,58.583782647233974],[-4.514026213606945,58.581823306641034],[-4.446069842977011,58.55958126324886],[-4.398679186660837,58.55414894564435],[-4.360931736223529,58.566335020595844],[-4.3266832326547195,58.56489136066144],[-4.251613275452572,58.5308866675317],[-4.216752067001512,58.55518218006688],[-4.166606059669072,58.561144604431625],[-4.152583748727662,58.56976306713071],[-4.074351320920942,58.56961228105671],[-4.049774838412406,58.593498255234664],[-4.023785246962426,58.60591981010963],[-4.0091855613372145,58.60183081938085],[-3.996329572246731,58.572887501000714],[-3.9556554266106536,58.578592583327456],[-3.914478738843289,58.56854166274011],[-3.7856162340957495,58.5730883619184],[-3.6570555768294013,58.62352564237677],[-3.538692147164981,58.62664797921022],[-3.5283042624207432,58.62104475912563],[-3.537254176268053,58.60600621461667],[-3.526179377663984,58.60215614222212],[-3.4597944704742063,58.6157258772293],[-3.3717169675246788,58.59975676587314],[-3.357616002000679,58.61370907873051],[-3.4219231425717194,58.63851710759189],[-3.405727043607832,58.666989929992695],[-3.366877972346695,58.674080730137966],[-3.33775708643397,58.65196336442558],[-3.306808874815072,58.64896366027511],[-3.2736573520702112,58.656670215105926],[-3.2312993598527116,58.654663925868554],[-3.1496606902441315,58.67102554404301],[-3.1206992356832646,58.700621666487756],[-3.0945226528972976,58.684146356478614],[-3.0973820443708857,58.67182825871931],[-3.087368711721853,58.65610560098555]]],[[[-3.068437113555705,58.73427725251747],[-3.069239034674013,58.735078933985214],[-3.0675161886638067,58.73522793869178],[-3.067666872717429,58.73450817284377],[-3.068437113555705,58.73427725251747]]],[[[-3.0579640511810693,58.736950315596246],[-3.058390362861767,58.73676718617434],[-3.059427965078856,58.73680356805939],[-3.0587457941313803,58.737662412190666],[-3.0579640511810693,58.736950315596246]]],[[[-3.0663381283501256,58.736809448325175],[-3.07411635272797,58.736394578386566],[-3.0505727413614383,58.752494770721434],[-3.0530469414128856,58.74115797693277],[-3.0663381283501256,58.736809448325175]]],[[[-2.5725992206792827,59.02735989630571],[-2.5755447722960025,59.03892276889458],[-2.5601750502359533,59.03246127594335],[-2.560997346855834,59.031604567084365],[-2.5725992206792827,59.02735989630571]]],[[[-4.505614354864648,59.02186495485451],[-4.507561048428659,59.02299524834264],[-4.506953289090987,59.024938658214545],[-4.505400641748473,59.024196045542205],[-4.505614354864648,59.02186495485451]]],[[[-4.406963386767716,59.08220406435655],[-4.408065163339316,59.08721465091496],[-4.402312226361756,59.085578463726016],[-4.404372056942007,59.082836102804684],[-4.406963386767716,59.08220406435655]]],[[[-6.158893532615575,59.087489773384476],[-6.160100917329461,59.08736108598897],[-6.160155223558609,59.08780891508236],[-6.159665693669795,59.08809438070925],[-6.158893532615575,59.087489773384476]]],[[[-6.159250478990794,59.09763865921618],[-6.160501683746379,59.09786822711516],[-6.160403661088452,59.09850077724412],[-6.159174160415407,59.09845034022997],[-6.159250478990794,59.09763865921618]]],[[[-6.153941551887718,59.09565105027497],[-6.156900864578729,59.09555612585306],[-6.160719886641826,59.09390497551424],[-6.152123142435297,59.09939582529637],[-6.153941551887718,59.09565105027497]]],[[[-6.160207606433595,59.09976587726662],[-6.161067222942405,59.099648356563584],[-6.161643864036111,59.10007940812317],[-6.160098707766211,59.10030886151599],[-6.160207606433595,59.09976587726662]]],[[[-5.8112136603488125,59.10789169435311],[-5.847275738596923,59.11237627153429],[-5.853041898989996,59.11974554636415],[-5.835498814354925,59.1374508058663],[-5.82316978885346,59.13924621291202],[-5.803002593672682,59.11932064696504],[-5.8112136603488125,59.10789169435311]]],[[[-3.0612180405840337,59.20062337258622],[-3.0437650481738845,59.20044466973544],[-3.0291740428027603,59.18325389150923],[-2.970145519369874,59.192965930694534],[-2.909741168665775,59.18027665629177],[-2.900812605043911,59.1625437217613],[-2.9104610293009925,59.12759875284854],[-2.942359498504717,59.1147610307661],[-2.943459673564364,59.10696671573601],[-2.938714410374945,59.09367423126298],[-2.8966713388195244,59.08055387017078],[-2.8843023894390867,59.06637729923147],[-2.855741245007695,59.063005242292355],[-2.8431879202134116,59.0812348586612],[-2.808531666521197,59.092118687556045],[-2.7922620586848055,59.08757394910176],[-2.7935429382332453,59.06972910223294],[-2.812072283282793,59.04958189020146],[-2.798653984098097,59.02784630715044],[-2.829933110551742,59.0148455164723],[-2.8529026555423633,59.02225271083843],[-2.8886493716273938,59.01799512661851],[-2.9023593604149784,58.996003023839165],[-2.886801161469802,58.999113644282836],[-2.880290997416487,58.990305192147986],[-2.90884050875113,58.97894866151],[-2.9084969464150157,58.96836107807498],[-2.893697661888563,58.967761360896546],[-2.8600372357383104,58.989757582994805],[-2.828501077550911,58.98599012280476],[-2.7936674256733487,58.9947660423301],[-2.784338031414604,58.981890675917334],[-2.7840999032668385,58.96441065862536],[-2.831085335812876,58.95548499568786],[-2.8182704490500297,58.94792979922735],[-2.704310419467918,58.97668393852947],[-2.695682522509053,58.96351267721555],[-2.7080080332302745,58.93904057342228],[-2.7026692935006253,58.926039281679955],[-2.6582225004565765,58.89951078109389],[-2.6761559735531923,58.88887099312051],[-2.6959796388316515,58.89028329478525],[-2.741753785408239,58.91793913973781],[-2.787545360201519,58.90555801540404],[-2.812037847762893,58.886094065454174],[-2.813862912894604,58.873912340732176],[-2.8619910278261194,58.84494245381246],[-2.8717008666426516,58.81578443540999],[-2.8970220858637092,58.81209825941705],[-2.916278365463974,58.79579103807892],[-2.913139177174317,58.782636904507434],[-2.926096481099437,58.76762754612029],[-2.901268093977857,58.7552761525388],[-2.910717130720129,58.73357752939934],[-2.956624589982409,58.725752689591026],[-2.999065533200589,58.75226615636664],[-2.989315916000799,58.77891673664771],[-3.0230770803439477,58.79663035291884],[-3.0289932190574276,58.81211089274628],[-3.0734347183105917,58.809807921955866],[-3.122436286274353,58.78338112839116],[-3.173274540033837,58.77359541471531],[-3.228833863304561,58.76758188813721],[-3.254705792483973,58.775875442805585],[-3.2923115835576615,58.772822071063764],[-3.326890369371036,58.791886904538885],[-3.344385145761476,58.81665073439243],[-3.3789395162729625,58.835335302912775],[-3.3891284088037086,58.86438903497564],[-3.4402841507140374,58.87015362818274],[-3.4423516884925127,58.88248476978956],[-3.419510414790948,58.91769389664306],[-3.360921438835513,58.935470495110955],[-3.340087095324098,58.953735218175105],[-3.362195565569526,58.96349681618438],[-3.3749062312794607,58.99806453551229],[-3.372271074726836,59.02220598323224],[-3.361433284402376,59.03694272769456],[-3.366723566134593,59.04771447594681],[-3.355494999479493,59.05678645645396],[-3.3653129438089655,59.10377694035352],[-3.349956481871067,59.13979452321249],[-3.222947541043954,59.158470824673714],[-3.193888569502072,59.157908933149024],[-3.1704850645756584,59.14707089594074],[-3.1434265697632404,59.15085425529766],[-3.108454057801312,59.19067198379939],[-3.0827611108474713,59.203903694468515],[-3.0612180405840337,59.20062337258622]]],[[[-2.8583890373424587,59.36491639842005],[-2.8577926606888338,59.34635514421961],[-2.892778763332551,59.30138569867502],[-2.875605126412014,59.28801113251734],[-2.8742078340484727,59.276228419211506],[-2.8064296634769685,59.24976752217629],[-2.7509223284689717,59.254874280760134],[-2.7140623887091344,59.237426556482994],[-2.674263068813831,59.232689340311794],[-2.665368127135409,59.24400436052158],[-2.607076461856233,59.273829151685035],[-2.621228491764593,59.28192958646049],[-2.6299106974651636,59.30173341548824],[-2.621559995653844,59.311059596235204],[-2.5849434892418204,59.299326218296756],[-2.558312758749705,59.310283417763195],[-2.524054525896805,59.30619487412915],[-2.523429042117462,59.29674203885539],[-2.5480928417490207,59.285748457196526],[-2.5475708751862234,59.273927901629094],[-2.5397999841415384,59.27195557831893],[-2.4874010225002476,59.2932344115341],[-2.459068598313996,59.29496062310391],[-2.452167714817665,59.307557593926106],[-2.421416369169282,59.31750794541507],[-2.4116654077943926,59.31407078844303],[-2.4091313424646317,59.29945041784168],[-2.3648607889769875,59.277773265427456],[-2.470404581567023,59.275517596228724],[-2.510483762350368,59.2410558366455],[-2.498899170814296,59.22861669960435],[-2.50740969870249,59.22008408214847],[-2.5536856201672813,59.234638538025045],[-2.5654868134790054,59.21811963041157],[-2.5880212061765517,59.21734201361353],[-2.6171651272621563,59.234901346674796],[-2.6298763883863927,59.23320623819255],[-2.6408972348048487,59.21661866091657],[-2.6633406958081207,59.20436224759458],[-2.663883161250246,59.19294356834281],[-2.6282805143182433,59.16777122173561],[-2.5750478214489845,59.15956192783897],[-2.5659420984109325,59.140864898233225],[-2.594122825879285,59.132711435652716],[-2.596558943922573,59.12488026859826],[-2.533595036469204,59.126362188054486],[-2.541573373172058,59.107317873290626],[-2.519448660224385,59.091984322604056],[-2.5338002836544513,59.072864798610034],[-2.560031441100872,59.079428112418604],[-2.6056999196205664,59.06860030603461],[-2.6161059311926382,59.07546051460347],[-2.6128071172722196,59.09351703169902],[-2.6403492724610094,59.10282237606949],[-2.644917396019183,59.099226933677315],[-2.636469525360263,59.087896048691434],[-2.6449702401677824,59.074000539641844],[-2.687813738907749,59.07214638707829],[-2.6971542037554843,59.07723003460777],[-2.697041272956451,59.08645804312385],[-2.680233339996061,59.10467860320876],[-2.6949142730207507,59.149444063570144],[-2.7704860340609434,59.13968772656223],[-2.836104094901894,59.11715551825562],[-2.840774482012355,59.13204190859001],[-2.8110615233106606,59.15323002461095],[-2.832609432455883,59.164693621725114],[-2.8374303685317157,59.180103698649376],[-2.8706049379883187,59.212327663019764],[-2.9145192883529685,59.2256854423937],[-2.8873561988831993,59.250310596020775],[-2.921849742234702,59.27480458140313],[-2.948880637689746,59.28280017157467],[-2.94094219783352,59.27237970618788],[-2.970461348468463,59.264236875728606],[-2.968953391357299,59.243462731632704],[-2.9837281237339965,59.241870087803356],[-3.003113921107341,59.26423710979715],[-3.0314159466711446,59.276595997117404],[-3.0319188337595806,59.302981107892066],[-3.079229543100659,59.3302613803954],[-3.072192024289995,59.33743458990283],[-3.004669965631524,59.334778340010935],[-2.9907891550961465,59.33950346439166],[-2.982922022441727,59.357361773707886],[-2.960065669751657,59.363913500766806],[-2.9108463095544908,59.36306851106014],[-2.898213933677638,59.384840872961966],[-2.885891938824765,59.38987226744003],[-2.8679401623494094,59.385354900882604],[-2.8583890373424587,59.36491639842005]]],[[[-2.3685026452730717,59.3926300238766],[-2.366718469633449,59.3801324589398],[-2.402859797531318,59.374083360299174],[-2.3920890884791506,59.35770611878485],[-2.395883008206634,59.35284233849251],[-2.422425505753621,59.34448142501096],[-2.4589168723703216,59.3575777197791],[-2.437977264496265,59.389312455701],[-2.3685026452730717,59.3926300238766]]],[[[-1.6521682087293565,59.506430228579866],[-1.6534056787417093,59.50634371334795],[-1.65393287120702,59.50661450081123],[-1.652336551980902,59.50723885380865],[-1.6521682087293565,59.506430228579866]]],[[[-1.6027602566126016,59.55604814525083],[-1.5904070064749312,59.53782869401923],[-1.6057853519275889,59.52034513015205],[-1.636675348335748,59.50760682416151],[-1.662976202223348,59.51170642711064],[-1.667921300928256,59.52147582901719],[-1.6478976518331048,59.55395665372138],[-1.6027602566126016,59.55604814525083]]],[[[-2.06231608724381,60.10525060828711],[-2.1247381386561184,60.129200122228774],[-2.1255303278298365,60.142757955607905],[-2.0796752681523114,60.1636877740399],[-2.0451297073012724,60.15995244480846],[-2.031937130260883,60.13783741503049],[-2.045315712349475,60.11266402172034],[-2.06231608724381,60.10525060828711]]],[[[-1.0648211342241662,60.255515467911046],[-1.0657294929663998,60.25534227577321],[-1.0660703395400537,60.25606301329479],[-1.0642586985237983,60.256229846863945],[-1.0648211342241662,60.255515467911046]]],[[[-1.0380811312514258,60.28010728629746],[-1.0391658298575113,60.28011513408153],[-1.0396976553907447,60.280478148816854],[-1.0378792603271867,60.280824165401164],[-1.0380811312514258,60.28010728629746]]],[[[-1.009323818523659,60.29228741511676],[-1.010597896364399,60.292027527237146],[-1.011126885589902,60.29248042798438],[-1.009666513621215,60.29291851862107],[-1.009323818523659,60.29228741511676]]],[[[-0.9868437973844381,60.305586908514485],[-0.9881185703199206,60.305327238429086],[-0.9884637642592248,60.30586862288532],[-0.9868326824840926,60.305945995585624],[-0.9868437973844381,60.305586908514485]]],[[[-0.9326378660018579,60.336321112526264],[-0.9333622180196575,60.336326922480666],[-0.933528663144978,60.33677722351932],[-0.9322639618811621,60.33667728525814],[-0.9326378660018579,60.336321112526264]]],[[[-1.826683784978233,60.36877151297984],[-1.8277720495498269,60.36868313835998],[-1.8281313416566964,60.36931209815397],[-1.8268608039544618,60.36957980939016],[-1.826683784978233,60.36877151297984]]],[[[-1.8128881411866575,60.37171577132228],[-1.814339679728791,60.371538230755014],[-1.8157805755808307,60.37324614753244],[-1.8130591852464402,60.37351171411315],[-1.8128881411866575,60.37171577132228]]],[[[-1.8161285735639034,60.375850396071144],[-1.8175842877910233,60.37495454510735],[-1.8186717867522075,60.37504581390319],[-1.8179384504201586,60.37648137571992],[-1.8161285735639034,60.375850396071144]]],[[[-0.8175868996927622,60.39218829312949],[-0.8186784970784281,60.39210818610359],[-0.8192096693274797,60.39247207426224],[-0.8171980743295901,60.392903195601654],[-0.8175868996927622,60.39218829312949]]],[[[-1.0361318200577665,60.44459122335932],[-1.0368639167969873,60.4444169327688],[-1.037211374141076,60.444958184665666],[-1.0364766094910411,60.44522224834359],[-1.0361318200577665,60.44459122335932]]],[[[-0.8074087312988772,60.42183224562761],[-0.7643186987916836,60.435977017280045],[-0.7188958491145433,60.424552493429104],[-0.8083698586122776,60.39107527380554],[-0.853116182485721,60.410923079478046],[-0.8748502278497804,60.44077343411999],[-0.8601253594118518,60.44496498660822],[-0.8381622412424178,60.423401170234264],[-0.8074087312988772,60.42183224562761]]],[[[-0.8192255730174082,60.707284133729225],[-0.8194153191427874,60.70710622417216],[-0.8205044301653722,60.7073851812621],[-0.819199237840226,60.70800222411158],[-0.8192255730174082,60.707284133729225]]],[[[-0.8947180714714094,60.851139819550134],[-0.8370629185733985,60.84983087213853],[-0.8252704927365295,60.83860946197018],[-0.7690025135150362,60.83724409307714],[-0.7534430581895051,60.82167929049603],[-0.7582146758623518,60.81287652595518],[-0.7922750887174269,60.81009708852187],[-0.7721085143231216,60.798263358465434],[-0.7802757275054034,60.74180015985962],[-0.8506963567892125,60.7165393801843],[-0.8582986286687827,60.70476613026556],[-0.8268749776189596,60.6961023931762],[-0.8276002677394935,60.659632999954866],[-0.8661805354340586,60.649986943825276],[-0.8578752775750819,60.63846451634111],[-0.8254028953680671,60.62963142577215],[-0.8116211568336605,60.61041170030614],[-0.7658875205166495,60.618539809311166],[-0.7592212944268439,60.60439623152902],[-0.7644379729900583,60.59115058620468],[-0.8019600707548331,60.56448462586627],[-0.8685314575453805,60.586287218780214],[-0.8542788268844886,60.56671423589668],[-0.8905051235757583,60.55816795103959],[-0.9173238198738072,60.57014062432322],[-0.9392358023617612,60.5956376593488],[-0.9766183368765037,60.59731649474398],[-0.9949034122926244,60.57981042655696],[-1.0075928663640148,60.54652276019198],[-1.02956296361874,60.54200525967346],[-1.014569410297137,60.5319724190236],[-1.0263779003460252,60.502722205249974],[-1.0202622275282889,60.48510670387875],[-1.065267672518064,60.48533879914593],[-1.1291869053461752,60.46085090007393],[-1.0903313840483597,60.44353970677504],[-1.0498677605530085,60.459510179485136],[-1.034529576363142,60.455423874519894],[-1.0490849282906103,60.43078523053581],[-1.1053479853335877,60.3970851927014],[-0.9881996377876078,60.37472979702523],[-0.9676123271531383,60.38682525690157],[-0.9044503864235128,60.39401742861121],[-0.8871071470236934,60.37846130685203],[-0.8789213348514883,60.3515902012769],[-0.8497719284359281,60.34057919178864],[-0.9118033397191683,60.32151012961571],[-0.9184302367550539,60.3267721701212],[-0.9074239750589078,60.34141461865265],[-0.9241053072307992,60.35058296893723],[-0.9527850207539603,60.345369099907515],[-0.988429032801149,60.32493604084036],[-1.0411185290733984,60.327771598658906],[-1.0701730875337483,60.31956047427779],[-1.055254347693628,60.28032542795935],[-1.0852909727404045,60.26403183339947],[-1.0821967478829593,60.24688590098574],[-1.1455942368503405,60.23286137637722],[-1.1795137496492174,60.198977965895764],[-1.1482067734608798,60.20901092865521],[-1.0987826707524777,60.209072548219744],[-1.0650401325893706,60.19613807322635],[-1.0417170074107498,60.1723209390061],[-1.0007042924677896,60.15296675900218],[-1.0006184951109705,60.13323454661378],[-1.0585602407851904,60.11950540060332],[-1.0725120996831226,60.0991599785443],[-1.1280100637717454,60.11542973045283],[-1.1613870938198636,60.11652259806111],[-1.1854164401370375,60.11613931480711],[-1.2082844728171476,60.09833376769556],[-1.1917308100529849,60.050243114696784],[-1.1677515284903568,60.04502481236926],[-1.1633359675836779,60.03655011038605],[-1.1715239023142703,60.02996750735943],[-1.208456869134465,60.030771749544314],[-1.2200539895033866,60.02173431192152],[-1.150642859094446,59.995290560056],[-1.2052103127511724,59.96812704321684],[-1.2239716146728432,59.980652661834235],[-1.2578730858673726,59.984105754023545],[-1.2461469421646905,59.9744484751249],[-1.2508247341738348,59.93593544803794],[-1.2688536100704602,59.91550240947886],[-1.2617069995152295,59.90692983411082],[-1.2619722439410255,59.85619630081147],[-1.273332744864547,59.84904349152344],[-1.323849994844137,59.84723343866895],[-1.3625938031352476,59.88390946723315],[-1.3899125684440867,59.88754392853749],[-1.4002338963358758,59.9120117755841],[-1.3740543416665179,59.94067425431895],[-1.3737697375675388,59.972552212452136],[-1.3595117037806905,59.9930709506563],[-1.3797104119339274,60.02019802343952],[-1.3865333135095226,60.046624451129894],[-1.3603258343890843,60.085548299045655],[-1.3861302573771543,60.10800107136106],[-1.3908110985102375,60.12836941438016],[-1.3836116113356978,60.14568268695588],[-1.474354465779056,60.14423982205038],[-1.6971412450162153,60.23164051973323],[-1.712272178152845,60.25410575099382],[-1.7120405177147344,60.295020936805265],[-1.7616952682174698,60.33767154229615],[-1.7309312234960499,60.35012105886817],[-1.6672105448815875,60.34694510989362],[-1.6451554713762098,60.31626061169711],[-1.6220360535785223,60.31182741627172],[-1.5149454834904232,60.32579923328214],[-1.4792299170397205,60.36030707450244],[-1.4846199807164007,60.375651195914806],[-1.4608748729724845,60.38897206252099],[-1.4549991185509628,60.4095959890419],[-1.4721824736001647,60.43394894461407],[-1.5142310757726842,60.455741031050174],[-1.5725058124827982,60.47052256573253],[-1.6057704829922772,60.463336381899595],[-1.6410884893468125,60.46892552624769],[-1.642765194150891,60.48726064822005],[-1.6235222615735847,60.50895597265771],[-1.5789964408344264,60.518539955246766],[-1.6118238022812683,60.54311532368753],[-1.6112630132561232,60.54987841815984],[-1.487518335454699,60.56802711606528],[-1.4565520558949687,60.587001862728954],[-1.446623066228884,60.59940929286605],[-1.4488024366192382,60.61863161774479],[-1.4392735685902216,60.62412998070274],[-1.363439709915385,60.614155701911955],[-1.3536333868403727,60.628657880926816],[-1.3258516620435103,60.64451321538095],[-1.3273950483480537,60.66109885438828],[-1.3166170170650797,60.666209272599325],[-1.2929173216586125,60.65270801930023],[-1.301620163603241,60.630758059920964],[-1.294088907179568,60.620552794121],[-1.2956054266228116,60.60123784005823],[-1.2640632033725432,60.58895020338259],[-1.222486917831247,60.591323555346044],[-1.21842760994779,60.610690466886496],[-1.1979940602646069,60.63791759550141],[-1.1451139431161692,60.67341399643961],[-1.145151510309154,60.71056049878842],[-1.1266786372554272,60.73857752414121],[-1.0174329043592205,60.73284596916009],[-0.9791985554381161,60.742285972579616],[-0.9637438519850059,60.766688359263874],[-0.9653265391044342,60.79286837867441],[-0.9460221510452472,60.806615137563554],[-0.946179918011353,60.81597138654971],[-0.9099237549734983,60.832637725893484],[-0.906692197237935,60.85050421278253],[-0.8947180714714094,60.851139819550134]]],[[[-0.8908262692606583,60.851915863746676],[-0.8920924878629782,60.85255481128106],[-0.8872148958972809,60.855208160798426],[-0.8872960373095218,60.852874362786515],[-0.8908262692606583,60.851915863746676]]],[[[-0.8733749173603811,60.85986065613003],[-0.8764803984824168,60.861071824128956],[-0.8699426195502419,60.861133782858744],[-0.8699591048627254,60.860667026495584],[-0.8733749173603811,60.85986065613003]]]]}},{"type":"Feature","properties":{"bsc_id":"SEEB","Name":"_J","Area":"South East England","DNO_Full":"UK Power Networks"},"geometry":{"type":"Polygon","coordinates":[[[0.5658439990913904,51.48861625738349],[0.6898090229672359,51.478402306858484],[0.7651137972695231,51.445892799174],[0.903548994961284,51.4214565050688],[0.9434672113274155,51.392075549474825],[0.956303197004907,51.3649754869845],[0.9729586237733809,51.35072743373609],[1.0010884773377249,51.35353180556186],[1.0237717242517845,51.368694947037454],[1.086977823464905,51.37347636357553],[1.1152154636148432,51.385729420198224],[1.1530733209145336,51.37779390562638],[1.4297955839147194,51.39670078968766],[1.44745407786408,51.388472061856966],[1.4551568549221736,51.3738554634795],[1.4301989237079804,51.32227083732742],[1.3701055556341093,51.3185724455384],[1.414770702069961,51.22417899407125],[1.409528629221161,51.170831762669486],[1.3857524001610988,51.1415404065414],[1.3333644104140385,51.1076113139076],[1.2201107491661405,51.093552440274884],[1.1970812534014423,51.07208309321238],[1.0760147210043647,51.058884024699786],[1.0095299292324345,51.02713673811816],[0.9887814874386257,51.00928621061191],[0.9708346281890216,50.97197704400331],[0.986670268222826,50.91948109613323],[0.9796113490010502,50.90913920895094],[0.9348913881371195,50.908236346780804],[0.7815745546179552,50.92963763571552],[0.663103820949241,50.86654762537518],[0.3677343894474427,50.812983391888125],[0.33466647843093245,50.78288847193245],[0.2549569433232606,50.73306099139253],[0.20618702429472066,50.73449913269733],[0.15058812765751614,50.75333056604654],[0.11594873328527576,50.755633172317964],[0.07110785842607464,50.77650035040188],[0.05560098873324226,50.77208371258493],[-0.17116135342811956,50.81948360386058],[-0.2744367481537421,50.823196811533315],[-0.36883091215883784,50.80351363117469],[-0.5377953655883098,50.797403682526145],[-0.5629117464346806,50.818500482219235],[-0.5730161431741667,50.81724592382021],[-0.5746594127185739,50.82898660891684],[-0.5151870351228677,50.82616022791347],[-0.5016025637208621,50.83454629631559],[-0.5072617612467983,50.8444156857243],[-0.4980715761387397,50.84653268078448],[-0.49711330385467,50.86370003447288],[-0.47423050523897353,50.88996118188817],[-0.4816543740341748,50.89922108579321],[-0.49180901876486427,50.88526912026072],[-0.4994559638663618,50.89947165235988],[-0.5235616852965208,50.88311291743667],[-0.5556271262811676,50.88274921557833],[-0.5582779717325886,50.88950425447114],[-0.5420133858806714,50.8905154040841],[-0.5540639462287889,50.90415304925203],[-0.5497216602055275,50.91348684890253],[-0.5348462841670081,50.91368694321311],[-0.5672315803571703,50.9350347800921],[-0.5630376260394705,50.948836381399275],[-0.5336141012617,50.94938482624553],[-0.5235263929444491,50.98854438475983],[-0.5070444289638171,50.990596403411644],[-0.506224133720368,50.99683411565606],[-0.4430455289966707,50.988073343242924],[-0.42598228513667846,51.00624202373085],[-0.4085801242388705,51.00081506903689],[-0.40534802100113737,51.01654587384084],[-0.39255128379052195,51.02550649026054],[-0.3810106544805491,51.022811890314294],[-0.3635779620327198,51.0523894600955],[-0.37585028716334196,51.07350725700212],[-0.3681573148639334,51.074584163846964],[-0.3725007661382725,51.08315500819383],[-0.36559484332635567,51.08612469970381],[-0.40200817277833006,51.09428120521099],[-0.39375157546259104,51.10859584989498],[-0.5042061273064063,51.08881863621816],[-0.5352524454690991,51.09387010444923],[-0.5389721227702681,51.08305969664508],[-0.5930068667349481,51.09279841422424],[-0.5755775927194832,51.14365099494542],[-0.5810048257189375,51.150206503224716],[-0.5714965045428054,51.15591266548782],[-0.5826153815977868,51.17404747436633],[-0.5749031910183079,51.18384559441413],[-0.593806644754754,51.191504320588976],[-0.5850026010113109,51.19885316444809],[-0.6417564106284515,51.22985601407942],[-0.6389268369559845,51.23827862736318],[-0.6586742348112773,51.256474482806176],[-0.6329930074507523,51.268522084325404],[-0.6311544182484896,51.27768085894321],[-0.6663391648243575,51.267966291519954],[-0.6910175841364341,51.27641883035434],[-0.7002511357132775,51.292839658951266],[-0.686825322061404,51.31351478899273],[-0.6510207616525926,51.315066797882885],[-0.6398465355002809,51.334406750350034],[-0.6173502661919548,51.33399058087966],[-0.6129907105735586,51.34027364464296],[-0.5758876754814382,51.33592847833426],[-0.5475855944418478,51.3477765146667],[-0.5549258636834683,51.361412733582405],[-0.5695227930149647,51.36019285342985],[-0.5734447312420634,51.3701582960503],[-0.5913989307782609,51.37835716475325],[-0.5645060849775105,51.384762242900386],[-0.539724524407213,51.40270020884351],[-0.5117009370450074,51.398692085538954],[-0.4893017536441446,51.42745200194152],[-0.46277721990759707,51.423465624190314],[-0.4629971007803066,51.40754313639628],[-0.4206323074709065,51.3916712381457],[-0.409601153436736,51.404036022840394],[-0.3820285985567104,51.40789589546948],[-0.3879568939449679,51.42857264796172],[-0.3672759056250301,51.44170805188348],[-0.38668268249549653,51.4482493620133],[-0.3742131469874894,51.45679875181893],[-0.3172484007988739,51.45879510211867],[-0.31901913538644566,51.471718426026854],[-0.29124274459016264,51.48678384714424],[-0.27507227455537525,51.47908713678805],[-0.28154007151538374,51.47795215008989],[-0.2766720912005119,51.46940357155595],[-0.29066999543041755,51.447055886703794],[-0.25310760993636316,51.44427280200195],[-0.2768440491421582,51.42477871399626],[-0.2894518636587175,51.42632599669734],[-0.2781534645624454,51.419069691063875],[-0.28964269084464217,51.401393904324564],[-0.27641076434104717,51.39919436718728],[-0.2609911451402645,51.37959637083171],[-0.23371509493171333,51.38820321018562],[-0.21816903644476346,51.38018493983717],[-0.20979041889453948,51.38829176101017],[-0.18844184980517656,51.385423811389366],[-0.1748442253388862,51.3934891286204],[-0.14086509759147242,51.38764153850999],[-0.12422375613831195,51.397654520647635],[-0.13246278932555342,51.408421056796314],[-0.11975643653984994,51.41877216575528],[-0.09466198175134846,51.42281055812833],[-0.07853118253942698,51.419805014997856],[-0.059296509938509996,51.39731280285673],[-0.02689436767713408,51.381749722706004],[0.016778192719741788,51.395476253782654],[0.031142571656980506,51.367180914558745],[0.04857916311203303,51.36807801175472],[0.06626181583282416,51.398882493752616],[0.08460122901685795,51.407971015215466],[0.0818681762180776,51.41296944931703],[0.11998414237546787,51.41362043747089],[0.12278360073403272,51.43228141487212],[0.15363940330549555,51.435297750419885],[0.14899521084541148,51.412276646062196],[0.15981320616263328,51.408239958225984],[0.16174258986543336,51.421177589038976],[0.1873972166863092,51.432905595373164],[0.2527968340170936,51.43649552376056],[0.2366092380484279,51.448428866568214],[0.24194042029236626,51.4706153613935],[0.2774242140576756,51.45740146404298],[0.3131878562189826,51.469682478573404],[0.3483433106281372,51.44778754840338],[0.3951968630297124,51.44628425895307],[0.44689601338710744,51.45744430822342],[0.4561045280995823,51.4789095306776],[0.47627916188259106,51.4903619805846],[0.5658439990913904,51.48861625738349]]]}},{"type":"Feature","properties":{"bsc_id":"SWAE","Name":"_K","Area":"South Wales","DNO_Full":"National Grid Electricity Distribution"},"geometry":{"type":"MultiPolygon","coordinates":[[[[-3.113560563894976,51.375695917531466],[-3.120453261699456,51.37554027059981],[-3.122410789083832,51.379208263646895],[-3.1151040645222263,51.38008732764111],[-3.113560563894976,51.375695917531466]]],[[[-3.1433637938920698,51.383951249834844],[-3.1442347735775766,51.384302427295665],[-3.1419360632540694,51.38432485728555],[-3.1425017842039336,51.38395965991688],[-3.1433637938920698,51.383951249834844]]],[[[-2.7824122233565034,51.5243564884138],[-2.784046133803701,51.523815071042954],[-2.7807882724956268,51.52548227140543],[-2.780543519355112,51.524656672238685],[-2.7824122233565034,51.5243564884138]]],[[[-5.056491441240075,51.611495138646276],[-5.057057943450812,51.611111611263226],[-5.057915625663409,51.611835772774725],[-5.056525243755405,51.61199793382845],[-5.056491441240075,51.611495138646276]]],[[[-5.6682674776270785,51.71879095792518],[-5.671101471473455,51.71944895060211],[-5.672038103920012,51.72028320484911],[-5.669169597786067,51.72134443710004],[-5.6682674776270785,51.71879095792518]]],[[[-5.479912916506773,51.729717468628095],[-5.483680710238671,51.729173938039665],[-5.484820765014208,51.730435371650366],[-5.479516585133566,51.733606049961054],[-5.479912916506773,51.729717468628095]]],[[[-3.36387396558507,52.44440115314065],[-3.3462294029213715,52.43591130213263],[-3.317037424154645,52.43746761310173],[-3.253635913526861,52.381668251201354],[-3.228293570396289,52.38200957729091],[-3.209667845976054,52.365375811054236],[-3.1616616182977837,52.36622897146929],[-3.1551948477048937,52.35231077229686],[-3.1038769879196537,52.34542825950707],[-3.0957802732274278,52.33769552922228],[-3.1035565196842523,52.3358724827781],[-3.0992052116463844,52.33035218223098],[-3.107162466331014,52.32564505753113],[-3.099696776169022,52.31658778474523],[-3.111243767068162,52.30494077912754],[-3.076671960942504,52.29850494322012],[-3.066971726966177,52.284420830501354],[-3.046326484969954,52.28019288862692],[-3.0417483063497524,52.266455867475365],[-3.026719567440057,52.26142317326112],[-3.0465132548977887,52.252195287428634],[-3.0498307560773728,52.24500062308788],[-3.043118297215328,52.24279372570963],[-3.0545622631743212,52.2419911027141],[-3.0533150043989625,52.233565146001034],[-3.0720078722349227,52.22863394357971],[-3.0777910390832526,52.21655765638746],[-3.0721908604656516,52.213028759994785],[-3.1022186934072566,52.20258349764755],[-3.083532840576591,52.16778506045954],[-3.0831685491121275,52.15142035801498],[-3.136022560012083,52.137876417529384],[-3.131307122442391,52.12501578363897],[-3.10492009419615,52.116804097616665],[-3.1054820740568685,52.10541717054072],[-3.1227281414171006,52.10279870855111],[-3.113078407876486,52.081137208988046],[-3.073301056376536,52.07555481171392],[-3.066241975972192,52.06623303249392],[-3.065975254532501,52.049700317702026],[-3.0862973378536065,52.041087295333625],[-3.0992452679625573,52.02264289254786],[-3.0678381552503278,51.98347526481556],[-3.0132115158565242,51.94479443136293],[-3.0077819002180526,51.92693939383339],[-2.976872927118756,51.9276700218012],[-2.9684320032029388,51.90440199043646],[-2.8780978321709836,51.93383902337338],[-2.845002555956858,51.92203988709305],[-2.8618690178452173,51.91392505602315],[-2.8420424647576916,51.91771521977938],[-2.836450923001386,51.90619633172293],[-2.7685273656238096,51.880623447758325],[-2.7791446069935017,51.86674506586396],[-2.75663237997998,51.84591329994],[-2.7330099093740325,51.839184228899406],[-2.7195627440041057,51.84888733387026],[-2.712614286575264,51.83959935974663],[-2.6974698996981443,51.84486088973087],[-2.693109217771784,51.83657591802264],[-2.6664622915925045,51.83573727849824],[-2.650308395230954,51.82621304770392],[-2.660776060523141,51.822730051157556],[-2.659577726697316,51.81073621239319],[-2.678495387589323,51.80301485864117],[-2.671719592129581,51.79520690304864],[-2.6805244658551213,51.76871067501568],[-2.6626969559808127,51.75364872304936],[-2.672294966287538,51.73636908617347],[-2.6875207042322047,51.72979332833667],[-2.6690980857875855,51.7021673546563],[-2.65305674740865,51.7096245828424],[-2.632265451098353,51.70370282998386],[-2.6306833096379703,51.689491482508025],[-2.586680628678069,51.66052848463457],[-2.616873471399456,51.65586682029893],[-2.645770300128929,51.623849177494364],[-2.637619964800198,51.61154506329083],[-2.645463785610459,51.60139379370108],[-2.658629375630743,51.596588637802185],[-2.67604316213752,51.60279299654088],[-2.7076157274946953,51.57910337985827],[-2.752174942617999,51.57349914951447],[-2.838153907149609,51.54276007623378],[-2.9020599168824135,51.52922755974657],[-2.9843502564919557,51.5403502016229],[-2.9975478498087478,51.52716696110772],[-3.1136910508216524,51.485683354240535],[-3.1555746334304047,51.44537561398864],[-3.1628530404059148,51.40487412151354],[-3.190888421492007,51.39178829919191],[-3.400735421775926,51.3779631283632],[-3.560457725165514,51.39718883784844],[-3.5999566094828377,51.43492915968394],[-3.645680197892924,51.45875202040528],[-3.6540681451175967,51.472998059527015],[-3.6998647004228844,51.46772950339783],[-3.721763413306342,51.47581939580412],[-3.754828355524496,51.50151378312424],[-3.7863194090565986,51.56202942757798],[-3.820780467969861,51.5708330541958],[-3.8244409868743303,51.57859843048556],[-3.8173376506738754,51.586816440835264],[-3.8611787825426434,51.614625115785394],[-3.921426508833414,51.6016635489771],[-3.940427321717734,51.608052969357864],[-3.9767286455601503,51.60009623003637],[-3.991231027170679,51.58176430893226],[-3.964432226786439,51.56953027444921],[-3.9691843246542766,51.561744305584746],[-4.035139033657585,51.56233303086068],[-4.062669282349809,51.553229413879954],[-4.132739365600749,51.564461890809],[-4.148388271430937,51.558204348313616],[-4.138050079054405,51.544377890390116],[-4.150199105632521,51.53695856767825],[-4.192855972228678,51.543048511755785],[-4.210133332748119,51.53232172038476],[-4.285230703197502,51.556156603745805],[-4.337962871321202,51.561000614877294],[-4.339050793860321,51.56785979768477],[-4.297740619380241,51.58399144553289],[-4.319760604390434,51.61174929134425],[-4.265164437177626,51.631547407188975],[-4.2487462439758525,51.65170596016978],[-4.182276596004428,51.63078339002685],[-4.1184232949765285,51.65421955656912],[-4.15553212843462,51.650869832272754],[-4.18759894987038,51.675002510938064],[-4.2071475123552355,51.679071644197606],[-4.279673937429515,51.66512995373743],[-4.324259544662142,51.67155970102953],[-4.388159367165881,51.72197705784868],[-4.38672176666237,51.732449611947125],[-4.370763364103005,51.734743411171664],[-4.381649843250299,51.74546386873726],[-4.379389683839188,51.76473772781769],[-4.4023799969901205,51.752167915941435],[-4.431708015346579,51.75754433062449],[-4.412903773226889,51.74160409518557],[-4.448707022659871,51.72757343293976],[-4.553587559440719,51.73583119469859],[-4.675758421274331,51.721566986592194],[-4.687908769216765,51.70930995542171],[-4.674725517340904,51.69546451470831],[-4.6912101300229585,51.67948766239522],[-4.687975947994308,51.66891922065165],[-4.705149524325834,51.65772997945051],[-4.669997640804376,51.64081471697367],[-4.679808475234826,51.62638304189569],[-4.72927356046292,51.63773477914086],[-4.784715415317667,51.630983398681174],[-4.851229151978472,51.6416292050794],[-4.889118655499196,51.62514762461877],[-4.892011838619806,51.60700670856808],[-4.911288636075992,51.60377144733421],[-4.922577790822215,51.592918087726844],[-4.947208101626663,51.59306004481959],[-5.064884849977737,51.61626896598703],[-5.070289525372095,51.626064888309486],[-5.059080424353495,51.64073876328017],[-5.069623025505056,51.6577870346136],[-5.125173641003284,51.66644645103019],[-5.158805354631251,51.68124942820489],[-5.1805876209858175,51.67548788457413],[-5.200841499532566,51.70555562137351],[-5.231526896108128,51.710934342536646],[-5.272708547143948,51.68988314504887],[-5.296314466755051,51.691405686292356],[-5.287322052248921,51.70321141428768],[-5.245388160147371,51.72040131363214],[-5.264127823279554,51.72782350009704],[-5.314207076167245,51.72854985765979],[-5.320102378779514,51.737450672995955],[-5.3082804718535375,51.749441188813165],[-5.215533610893128,51.739123657031186],[-5.2095933973578115,51.756732801284876],[-5.1805152757973785,51.777961850122864],[-5.12279976178329,51.77374303503141],[-5.115700158175016,51.77898410177496],[-5.1134844808903,51.81029689564991],[-5.1375483294230815,51.85551822900072],[-5.2038125451670645,51.85361833172953],[-5.231335364709654,51.86721330196358],[-5.341167629788403,51.84221805046146],[-5.383801684527539,51.87032965318642],[-5.406080867286022,51.848847691891656],[-5.419990979039614,51.85181504153467],[-5.4023965273692856,51.875964924240435],[-5.403251653157697,51.89920315275679],[-5.392921601512435,51.90598229054567],[-5.381081019472812,51.90441669589622],[-5.378950775534334,51.88365686243321],[-5.3485438282395785,51.880594523836244],[-5.3142201190119325,51.90965910454781],[-5.263609982212316,51.919280013130916],[-5.199981195522765,51.952776064795415],[-5.165508722746156,51.95281732699838],[-5.143879570768319,51.96823637335791],[-5.094221045114513,51.973623681887105],[-5.103276740647249,51.99390367564968],[-5.100158722655163,52.01358224762558],[-5.080872917212308,52.03420151174807],[-4.9884096251408145,52.02879109931468],[-4.963780618487207,52.01517721484975],[-4.975020184176534,52.0076730344746],[-4.967258287696846,52.00524946047149],[-4.9277488244239755,52.016392030400034],[-4.913086964952345,52.03824870459853],[-4.881287491877868,52.02502948726025],[-4.849997893194923,52.02699993905151],[-4.855122722343512,52.03939376029656],[-4.844541088859952,52.05138602351126],[-4.795678577448773,52.06281477188213],[-4.732253123910042,52.12218619551348],[-4.689279899658141,52.137199954713275],[-4.569242085821265,52.148105665461735],[-4.519944817491493,52.140018572025085],[-4.479034564452663,52.16350832838894],[-4.47138881131347,52.175840845398504],[-4.429033482893119,52.186040264337194],[-4.380120585880772,52.21857732325301],[-4.325560772277315,52.218361796457565],[-4.23768107708736,52.25605451490148],[-4.174711774918002,52.30021412264819],[-4.130901518784778,52.28962716673826],[-4.113618278380597,52.274000418080185],[-4.075894192960783,52.262605828247395],[-4.033276770020593,52.29038324824455],[-4.01887659441891,52.3200900748815],[-3.986815517583537,52.32624104066381],[-3.960237532268411,52.312868138883104],[-3.9621087140896947,52.30172941043201],[-3.9461953040128406,52.298129295845655],[-3.9443202476839385,52.30926780729305],[-3.9167682040107823,52.328069920723884],[-3.8546805573650964,52.332441892224246],[-3.85255925512049,52.33827035764589],[-3.724351225885613,52.36628955761602],[-3.7123377224527236,52.36163510454638],[-3.6778866483179162,52.3684073762688],[-3.666356982564055,52.355531801132315],[-3.656897556542635,52.35566486164681],[-3.635342224934282,52.36996977467801],[-3.5860014566891274,52.358086731078224],[-3.593583064277473,52.371506243497805],[-3.573868037130304,52.37177051821582],[-3.5355257990342546,52.40366402512561],[-3.514222201019132,52.41175589083311],[-3.476689171575001,52.391375444637745],[-3.436826360746878,52.40345647504019],[-3.4116296594293143,52.43031951249427],[-3.396670892123643,52.43194588303086],[-3.403172862355976,52.43766363797584],[-3.36387396558507,52.44440115314065]]]]}},{"type":"Feature","properties":{"bsc_id":"SWEB","Name":"_L","Area":"South West England","DNO_Full":"National Grid Electricity Distribution"},"geometry":{"type":"MultiPolygon","coordinates":[[[[-6.3983685688369185,49.86359323370249],[-6.39960078452362,49.863366415719675],[-6.40010673599239,49.864337010736925],[-6.398344056873439,49.86485395470139],[-6.3983685688369185,49.86359323370249]]],[[[-6.386780095721032,49.86628279216517],[-6.389040579937967,49.86664699231203],[-6.388958834511684,49.867279986203755],[-6.386322790443898,49.86737994513672],[-6.386780095721032,49.86628279216517]]],[[[-6.396826096897311,49.866531375890474],[-6.397225988473089,49.86633620953212],[-6.3990948163628545,49.866985052010925],[-6.396907660350265,49.86742812541286],[-6.396826096897311,49.866531375890474]]],[[[-6.400123131750174,49.86910559029796],[-6.4010698300609254,49.868799630513294],[-6.4030857139063455,49.86953280134013],[-6.4013637115425155,49.87049816643409],[-6.400123131750174,49.86910559029796]]],[[[-6.385954551410786,49.87099329020337],[-6.387211439091672,49.87103562621858],[-6.387562201712199,49.871832188422204],[-6.385334026900166,49.871826670905236],[-6.385954551410786,49.87099329020337]]],[[[-6.369605162325589,49.873411532157135],[-6.37074767985461,49.87372831979669],[-6.370648575490063,49.87571171783324],[-6.368232801222751,49.87517304822659],[-6.369605162325589,49.873411532157135]]],[[[-6.444881247005753,49.87135421022942],[-6.446579122283061,49.871648916125785],[-6.446955609133827,49.872714277774804],[-6.444066723339171,49.87309522886616],[-6.444881247005753,49.87135421022942]]],[[[-6.451861860571839,49.89574197879596],[-6.451992402322842,49.89564697084416],[-6.452139477616416,49.89573129836978],[-6.451891448010112,49.89591181367362],[-6.451861860571839,49.89574197879596]]],[[[-6.452613778737503,49.89634295069943],[-6.452744320501404,49.896247941902004],[-6.452899667604248,49.89642193608109],[-6.452613778737503,49.89634295069943]]],[[[-6.452729536575637,49.89759829877023],[-6.4531542470598735,49.897671941985045],[-6.452884888290152,49.89777229282386],[-6.452729536575637,49.89759829877023]]],[[[-6.450903557028636,49.900458104033156],[-6.451025846534606,49.90027342895148],[-6.45131175676062,49.900352417657714],[-6.4510506457194685,49.90054243254706],[-6.450903557028636,49.900458104033156]]],[[[-5.806079397626553,49.94538092899374],[-5.806524144685811,49.945186366901936],[-5.8069048353193,49.94541678116299],[-5.806205070992118,49.94573669047892],[-5.806079397626553,49.94538092899374]]],[[[-6.2427393665725495,49.957136069264784],[-6.243442381490342,49.957200287787956],[-6.242075827747242,49.9575203057943],[-6.2427393665725495,49.957136069264784]]],[[[-6.329298063497191,49.87931328742829],[-6.329869347679598,49.87881828934752],[-6.452869065363701,49.874176104033914],[-6.382512811719663,49.899162875011086],[-6.372859365614298,49.91935540028145],[-6.3923528049622,49.930195829266424],[-6.3999175329644435,49.947666014463984],[-6.339444573426623,49.97991885832759],[-6.288076866064954,49.98389923247625],[-6.23810915812834,49.952265873350086],[-6.238301080450758,49.94229038662688],[-6.277698857299716,49.909210270310346],[-6.329298063497191,49.87931328742829]]],[[[-5.0462816678069045,50.04425306944541],[-5.04725789170377,50.04422741757097],[-5.047832810674257,50.0444821852011],[-5.046611800948152,50.04505403064267],[-5.0462816678069045,50.04425306944541]]],[[[-5.044838589827995,50.045730324322676],[-5.045837601156306,50.04606392397845],[-5.0454533335724685,50.04661377387808],[-5.0443375918169515,50.04664307330063],[-5.044838589827995,50.045730324322676]]],[[[-6.118198889069584,50.03388492312853],[-6.118477423411285,50.03387502188508],[-6.118779017678625,50.03413423439729],[-6.118523540823681,50.03441325089787],[-6.118198889069584,50.03388492312853]]],[[[-6.122745450080844,50.03966177658406],[-6.123008624001257,50.03947245511907],[-6.123449562167435,50.03972669706793],[-6.123194085269,50.040005723735526],[-6.122745450080844,50.03966177658406]]],[[[-6.118332684128426,50.04359779491948],[-6.119021470304287,50.04348333165119],[-6.118649720164476,50.04403641531766],[-6.118332684128426,50.04359779491948]]],[[[-6.122147511932233,50.044091978669655],[-6.1222560242807464,50.043728205630345],[-6.122828597697589,50.043887788577585],[-6.122433800222722,50.04417177072432],[-6.122147511932233,50.044091978669655]]],[[[-6.1242985464098485,50.044735253240745],[-6.124577141393631,50.04472533580359],[-6.12461564407599,50.045173855698586],[-6.1242985464098485,50.044735253240745]]],[[[-6.121257074246069,50.04511341408022],[-6.121520282814977,50.04492409523981],[-6.121667276434676,50.045008844235596],[-6.121551062312147,50.04528291252968],[-6.121257074246069,50.04511341408022]]],[[[-6.12217752582734,50.04607042822664],[-6.122192918572731,50.046249836691985],[-6.12204592013599,50.04616508849455],[-6.12217752582734,50.04607042822664]]],[[[-5.3785793429748345,50.083419295866584],[-5.379653713593224,50.083387986791074],[-5.380524434754469,50.083641494188946],[-5.3781859721719085,50.083988534823476],[-5.3785793429748345,50.083419295866584]]],[[[-4.267545961556443,50.18351419734289],[-4.268553630369908,50.18349451203026],[-4.268574073608682,50.18392586150023],[-4.267576613009767,50.1841612219825],[-4.267545961556443,50.18351419734289]]],[[[-3.469942865547202,50.45664072869783],[-3.4709314107852562,50.45671817058046],[-3.470105987398962,50.45735815856664],[-3.469942865547202,50.45664072869783]]],[[[-5.055845629107257,50.544610974300326],[-5.056538655831642,50.544412860033816],[-5.056990501501482,50.54485075762005],[-5.056009798404217,50.544966477850785],[-5.055845629107257,50.544610974300326]]],[[[-5.0603204583718275,50.54395362039923],[-5.060884167003356,50.54393878994866],[-5.0613593274878115,50.544735873795084],[-5.060384457318969,50.54494143164051],[-5.0603204583718275,50.54395362039923]]],[[[-4.946814294311593,50.59132032980562],[-4.948230739938656,50.59137440775537],[-4.948394282424002,50.59173007170143],[-4.946278014976241,50.59178366608152],[-4.946814294311593,50.59132032980562]]],[[[-4.667671231763035,51.152995869512964],[-4.685233398140985,51.172412458417156],[-4.683652959838941,51.20157188288299],[-4.676468117265606,51.206571854215625],[-4.661189091621394,51.20148438313121],[-4.642125605446667,51.16324133817519],[-4.667671231763035,51.152995869512964]]],[[[-3.102069517501451,51.339926319135955],[-3.108933029855214,51.33878247686561],[-3.1126908998945964,51.339825881160515],[-3.1069951110476026,51.34176819760259],[-3.102069517501451,51.339926319135955]]],[[[-2.634740553033275,51.58983909436369],[-2.636021146467074,51.58476364060203],[-2.6144627921287826,51.58278541438142],[-2.607319934096002,51.59154307494517],[-2.5895758516876066,51.583908782740224],[-2.5595998427108757,51.59190692016384],[-2.513650116721084,51.56113992332069],[-2.52700324636707,51.55109173055793],[-2.5181237138158914,51.54861909402586],[-2.524145835463854,51.53412354391299],[-2.5092836942970482,51.53959026071396],[-2.4880781702024626,51.52976232293539],[-2.4975283989703865,51.501112232797574],[-2.4829514913728787,51.497645413440864],[-2.4562294292784412,51.507881019608654],[-2.4289656010935827,51.5027200835049],[-2.419650142327718,51.49362908898017],[-2.41648963352669,51.4789678165663],[-2.4678403224759387,51.481626785947114],[-2.489182919981098,51.4746333225514],[-2.4794014618417926,51.459773252870804],[-2.5064814437402254,51.44540535684237],[-2.5268929449460256,51.444013415598235],[-2.5254045510211744,51.4340857098474],[-2.5081976992382815,51.424644801673665],[-2.493832105648389,51.42938507311479],[-2.4923473334034374,51.417826497423235],[-2.442972518410644,51.41734868190904],[-2.442697233859718,51.42264768169681],[-2.3446779243791847,51.43958298668683],[-2.3253229024246007,51.436917793839555],[-2.312729187931334,51.42233649435479],[-2.296401612795768,51.42890758603993],[-2.2718452667663347,51.42144311009675],[-2.2894370470848515,51.39387306511435],[-2.2838867435707524,51.3702222229138],[-2.2930652832405714,51.3576429305862],[-2.3238647494258187,51.34983456691358],[-2.3475567735086496,51.32127245720017],[-2.3343101939601545,51.30150993035039],[-2.3612743884606466,51.301429792390444],[-2.40426403100422,51.2839027587073],[-2.392539425331014,51.26365845489584],[-2.3740217824534033,51.25840657602914],[-2.362282805416925,51.233812578090884],[-2.409835925293587,51.21771788626189],[-2.4058634642861954,51.20324285064955],[-2.4455871331209567,51.177018114968305],[-2.444721184335077,51.166879114029314],[-2.4691500235187425,51.15181162965904],[-2.4690177786394574,51.13877198670969],[-2.5033689936531047,51.12075918591539],[-2.4817867929763238,51.11167366836407],[-2.5490450978874617,51.08964322777269],[-2.575082284727563,51.0866201365869],[-2.585166610926217,51.0957466186433],[-2.5942400201708162,51.08555833732018],[-2.579616707845816,51.0812849963888],[-2.591877995101271,51.08074056411296],[-2.5917239196928965,51.06866691269649],[-2.569441780059228,51.06443083219718],[-2.585268949679563,51.043101558654314],[-2.5967478114968543,51.042077527649624],[-2.6012316640261193,51.03336088918978],[-2.6197040015886337,51.04002608814223],[-2.6555368142736713,51.02775596530813],[-2.659912250184635,51.01227587893945],[-2.668437667760312,51.019472149810845],[-2.6888820188271536,51.00389786562116],[-2.7027034246709056,51.006713442133425],[-2.691706645408797,50.98794264698395],[-2.705325788431941,50.97771846270565],[-2.689982943740529,50.97491219995827],[-2.6909320023776924,50.965868551986205],[-2.6671615513286047,50.96248851183151],[-2.661625069605144,50.92846097152855],[-2.64184863173183,50.92937577796263],[-2.6438280416809397,50.921592803152144],[-2.611095176326782,50.90966529004198],[-2.5985569185628097,50.88509768266594],[-2.6801298149253006,50.87643982506156],[-2.735358779625812,50.844709982429364],[-2.7268327432007218,50.83606943046649],[-2.7024706923499497,50.83911668396998],[-2.6969301420161784,50.825625936040076],[-2.6839675121669835,50.82570266874312],[-2.6952257432011955,50.81356111025957],[-2.6905307853551954,50.805377981380346],[-2.672210755782324,50.80355301580961],[-2.66132240063256,50.78815922931097],[-2.6445804587344792,50.78970197790699],[-2.6398769714837775,50.78006784473878],[-2.647387967381295,50.77229834585796],[-2.631042363069152,50.74630574993421],[-2.6471213375793563,50.75297967029744],[-2.6660860082405597,50.748042796135586],[-2.6624956346637103,50.70942269787104],[-2.677680221442159,50.70740335466123],[-2.6915800528552816,50.680593664381774],[-2.787701624344963,50.71219520671881],[-2.9074023572067103,50.72856917108883],[-2.9310748141567737,50.71503633670612],[-3.008077339479413,50.69538123128726],[-3.070465843143071,50.69770094133103],[-3.09252626608132,50.68077653392476],[-3.179356611148932,50.67968479176534],[-3.2515760573771106,50.66838785578993],[-3.294077209665556,50.62744664564197],[-3.3392126496060426,50.61735403177733],[-3.3526135235552155,50.603361866255625],[-3.415203468471475,50.6081300006968],[-3.454297249652243,50.57668626968113],[-3.501762961249387,50.51040240797402],[-3.503584490397753,50.48502230738992],[-3.473450109092693,50.460344711353024],[-3.5108203075653504,50.449821622249644],[-3.5331560326397566,50.4520030654319],[-3.5472144873377016,50.439257964664044],[-3.5425384891849654,50.40962053980308],[-3.481761671234243,50.404397104036676],[-3.4745524331384474,50.39727054274862],[-3.5045149126695145,50.37076493444495],[-3.512659078704241,50.34272683874574],[-3.604016739356686,50.31339854558286],[-3.6291378938952326,50.294434827608576],[-3.6495475286043044,50.23998075153963],[-3.6346471297348377,50.218360574450564],[-3.676998858372216,50.215523458314465],[-3.7184907487543857,50.197206224925644],[-3.767144345963014,50.21624700884906],[-3.784295517859762,50.20475850846215],[-3.8151515176298028,50.21015517572447],[-3.8731468970092258,50.237634529381715],[-3.8648585244133216,50.25845224067543],[-3.9528718222624804,50.30047539659318],[-3.986424206462278,50.30181767324266],[-4.043747656065602,50.28914140337378],[-4.113619748881372,50.30219658036282],[-4.125483274028224,50.318319139689656],[-4.150361199080883,50.3294355893047],[-4.221978126169176,50.30742857223792],[-4.236113223205046,50.33281400603455],[-4.303586982301888,50.35554822772163],[-4.425523344762483,50.35690659920467],[-4.438618142453169,50.352181293531906],[-4.4372338862746386,50.335535030506186],[-4.443740902616708,50.331101302312184],[-4.538077271993132,50.31894430170311],[-4.578724755513197,50.32595109551861],[-4.642286071469893,50.322302596502986],[-4.670976011747873,50.309663038352426],[-4.688840372339394,50.318378901587195],[-4.694598160297135,50.33875255565981],[-4.75561367108139,50.32244556431544],[-4.745787457946317,50.29701378352871],[-4.77413852555947,50.28493280289004],[-4.774773465622358,50.26506125968373],[-4.761507706389128,50.252359290416116],[-4.796868044401798,50.21496730003907],[-4.8587669267976406,50.23009342951806],[-4.901248155292185,50.19130372715788],[-4.94754526435707,50.20012722848033],[-4.959451168408914,50.19034175651076],[-4.965459127268651,50.16317268313134],[-4.9770745307328275,50.148942141167964],[-5.007422775195852,50.135389443913155],[-5.021705166159991,50.13893533858071],[-5.032873509736535,50.15610378190607],[-5.028494127256525,50.176973547283815],[-5.037211890540529,50.19698636091034],[-5.045578311372035,50.19718352296534],[-5.048292558477066,50.187554279941466],[-5.037535724454863,50.17303182557206],[-5.044972232250876,50.159870481833025],[-5.034598343846929,50.14307550865149],[-5.065164176892101,50.13884922246899],[-5.082769501173039,50.12089383533563],[-5.075509264411114,50.10775073927945],[-5.093803548803243,50.09597390476031],[-5.070445921827309,50.08810637582652],[-5.069569190002082,50.07370130939498],[-5.054200242915542,50.06187189332729],[-5.051268004919391,50.052047775994915],[-5.061296621470199,50.034620258778865],[-5.0848423492807235,50.02641687177277],[-5.085101335202877,50.01463867307883],[-5.098696240566809,50.00119787540958],[-5.158611228369301,50.00120205549881],[-5.178957641372623,49.96243561739503],[-5.1954130087267485,49.95602337902637],[-5.218258165235234,49.956419503362596],[-5.250577934973328,49.97499487160813],[-5.272418323464485,50.00084149222545],[-5.272680390219282,50.03249358584951],[-5.285571319138689,50.04200159175428],[-5.2855345963689295,50.05489606439255],[-5.312456708375024,50.07489357602908],[-5.387551485997246,50.09767850375123],[-5.429978330592793,50.09320519160369],[-5.442439304466356,50.10656799446286],[-5.5081925102414155,50.12235502506139],[-5.532905292766334,50.1065376141041],[-5.5224362939997,50.080970213342844],[-5.545096453523306,50.05851281603763],[-5.642626522684355,50.03752549251375],[-5.672607583209742,50.018571899779666],[-5.682549801204798,50.021062058531825],[-5.699645620169744,50.04911853494323],[-5.751332469183476,50.06672434173424],[-5.697665128327325,50.08493908499412],[-5.702962783684187,50.1038160575689],[-5.7276518927415605,50.12298758087473],[-5.674670140298651,50.16911023938262],[-5.6303463048736075,50.173449405051876],[-5.602497949933791,50.195932225596266],[-5.550117849024642,50.2201809424965],[-5.474658236244851,50.22279146706073],[-5.459456024810918,50.20386116778634],[-5.436590170274085,50.199331199607336],[-5.409772783352625,50.21612700489902],[-5.4052123247910755,50.246383389531196],[-5.353740038413823,50.24513850358033],[-5.252319874994917,50.28796416121535],[-5.240609183612461,50.304650739572175],[-5.236532138930666,50.33637066212883],[-5.191444149335606,50.336620206725655],[-5.161312363423167,50.35205925980285],[-5.15501471173639,50.37059075574348],[-5.162684414832291,50.38867171429998],[-5.152462771736821,50.39455354742842],[-5.1512917879495035,50.40688871109751],[-5.106998842661248,50.41792848977524],[-5.100531956423297,50.42919499544686],[-5.077528132339115,50.42193224329756],[-5.055424310969588,50.437479374621],[-5.04119403362348,50.48531258962901],[-5.051703044500562,50.49789265455085],[-5.036392911317076,50.51265965865633],[-5.030382237705701,50.533191223103145],[-5.044566783885708,50.54679814717882],[-5.00346175343219,50.57383884565483],[-4.944007675901461,50.5722604009113],[-4.936897750406175,50.55804406637522],[-4.9275896309758505,50.57678567383135],[-4.940335131707051,50.587708550785116],[-4.92069345029543,50.599846473341714],[-4.795450655593438,50.60565831130865],[-4.767732061530444,50.64853590884215],[-4.7686713858936995,50.67249814523315],[-4.663746054527815,50.71637480507793],[-4.656171048266923,50.74156386727889],[-4.564406393864937,50.787368831417915],[-4.56162989512155,50.8630778654912],[-4.573456813455889,50.90427360342515],[-4.540272732947491,50.96734889306619],[-4.541087588557428,51.00883049801065],[-4.532624749620311,51.02466243180909],[-4.470371931068489,51.026399716411895],[-4.4215944722261815,51.01806430128262],[-4.370616969363639,50.99465645126522],[-4.307360540057308,51.00069829317498],[-4.262926970620737,51.0406889679694],[-4.240575640347913,51.04645775929755],[-4.229162736122298,51.066652739853005],[-4.216334091840706,51.06973570511879],[-4.227602100191077,51.08548608725554],[-4.2287304214616706,51.11228300308159],[-4.2684094031904865,51.14242632302168],[-4.259225812453136,51.15054969708049],[-4.221887723963075,51.15430300708379],[-4.218464117366931,51.172782012429536],[-4.236598632652732,51.18589793953369],[-4.2343438633668,51.19168951688919],[-4.202621753779268,51.20456986145877],[-4.0890134189512475,51.222044836853314],[-4.044014605792602,51.21468350966371],[-3.9568711773936798,51.225354473497106],[-3.9261238655538166,51.23655996822897],[-3.8876160340620594,51.22991347524908],[-3.8466205071971933,51.23959898763032],[-3.812371418714156,51.23668279685335],[-3.7842980374527655,51.250877244729246],[-3.764217938680449,51.24231871029916],[-3.6159444624640416,51.22262731536969],[-3.5787801266032027,51.23564593331615],[-3.5347953068128857,51.235959500661224],[-3.4387335564600177,51.21142336939607],[-3.39759115044313,51.186928145067675],[-3.2740988435088028,51.185048070605596],[-3.1984519596467913,51.20597321481052],[-3.130460070577664,51.2147485054395],[-3.0651640866722376,51.20674984804284],[-3.039568372866206,51.21936490318392],[-3.0217171681660426,51.2470972130535],[-3.02680201116241,51.268515811023256],[-3.015892423055096,51.31548545687014],[-3.039875882378996,51.329059006569615],[-2.995947034208482,51.33068430775441],[-2.9921996121604586,51.34536287448299],[-3.0066812512044105,51.360140714836696],[-2.968322858843587,51.3742760464831],[-2.983970534170835,51.39121870458394],[-2.9131883405913164,51.40249915910894],[-2.8921873292669105,51.433438753983474],[-2.8090828759101547,51.48522242382395],[-2.7692829947039588,51.49959123400418],[-2.7370372120373516,51.498083639447124],[-2.6821251806942037,51.54419919040904],[-2.6693626685695118,51.57579431411143],[-2.648702174677778,51.59014752391191],[-2.634740553033275,51.58983909436369]]]]}},{"type":"Feature","properties":{"bsc_id":"YELG","Name":"_M","Area":"Yorkshire","DNO_Full":"Northern Powergrid"},"geometry":{"type":"Polygon","coordinates":[[[-2.220880014261744,54.2510371469014],[-2.197794824944198,54.2473655297015],[-2.17178078893585,54.228442245815195],[-2.151605113993602,54.2355783197316],[-2.1404625192956606,54.22528339570134],[-2.1000320479532055,54.23195645706018],[-2.0608662106569287,54.21031425541529],[-2.059451324440647,54.196708122832206],[-2.045777994914067,54.1818669936493],[-2.0044993669414506,54.17287033911069],[-1.9931357062149349,54.15509316723967],[-1.9634632652968858,54.15221191048079],[-1.9474970298886096,54.12531561299184],[-1.9051190644973506,54.12254858609505],[-1.890998618080934,54.1043999146327],[-1.8707348594877296,54.099436773134535],[-1.8613923658923477,54.08084019827703],[-1.8406137149187702,54.07056870865776],[-1.853724405688001,54.05327528227071],[-1.873968785816924,54.04643164084547],[-1.8734665715807854,54.03577182642438],[-1.8544787409163372,54.02969274091379],[-1.8480337474599058,54.01365984267699],[-1.8356554922311363,54.014227783187685],[-1.8227707571317795,53.99741158104175],[-1.7488824026580485,54.00961288189298],[-1.690440993431046,54.00584616959647],[-1.6567536773255345,53.99215825953921],[-1.6696514589099993,53.98697638179277],[-1.6531701779376078,53.96976286663753],[-1.5482911886871076,53.95327376355815],[-1.4491102125238735,53.97481828992032],[-1.428381135577744,53.97289241946755],[-1.4263817187310237,53.98084207347238],[-1.4079647308110592,53.98518294417537],[-1.4116903099777542,53.98052756327896],[-1.4047342060869845,53.97644880046046],[-1.3539596972435046,53.966749413454245],[-1.317254143066157,53.97418624388686],[-1.3206741996258875,53.9795084679737],[-1.3059583318386545,53.98418799002682],[-1.295648627026492,53.98062275684646],[-1.2996628355052686,53.986757967599],[-1.2942997997215506,53.98825454779869],[-1.2748925680357108,53.98166778576517],[-1.273134782074492,53.99504912777549],[-1.2517789231156735,53.993713600097344],[-1.2421026098695014,53.991007009454826],[-1.2416713381303144,53.978140572895605],[-1.221557382840845,53.9814572554569],[-1.2203367970634595,53.963440334407046],[-1.1959870487429156,53.921845197987096],[-1.1050637708782618,53.875623407115214],[-1.1272901845788164,53.864470922513405],[-1.1193107073656312,53.85343229162361],[-1.062913940029687,53.853042832073555],[-1.0416555314224154,53.83883049262318],[-0.995515785061823,53.8617328555096],[-0.9927186352768157,53.87689959157987],[-0.9443451326545033,53.88906760357499],[-0.936106208135967,53.880366122638506],[-0.9248598820232411,53.88172204565595],[-0.9235335280288102,53.89071644232669],[-0.9455423530192969,53.89590921294446],[-0.9217152088432639,53.92293208627623],[-0.9328249553808312,53.92302654862889],[-0.9211825319738062,53.96130702614695],[-0.9329822326691205,53.970760083712555],[-0.9268394226305434,53.98436740653806],[-0.9104113210700117,53.978480658449186],[-0.8735197887901924,53.98792423396027],[-0.8706587050447816,53.99856049452266],[-0.89176199971278,54.001665948207325],[-0.8770687845179865,54.014742217950776],[-0.8885394055554258,54.02527503890054],[-0.8769821318680388,54.04062725870692],[-0.8392202102490076,54.03667348425546],[-0.8375913707111402,54.02937733266951],[-0.8473038647733384,54.025965432298435],[-0.8235128117340424,54.02080949800569],[-0.7996992301078187,54.02406158149373],[-0.7834947943108117,54.04160555086783],[-0.7888131382254356,54.05063104796383],[-0.776667503177912,54.053976877109804],[-0.7617766630606849,54.05297873874891],[-0.7571205531942928,54.04520084053951],[-0.7214422102176286,54.049844760895766],[-0.6594800967066864,54.03715029923453],[-0.6445092522928169,54.05517493277393],[-0.659533648769541,54.063486723424106],[-0.6096858021416394,54.07324857826018],[-0.6034128303432278,54.09490516939421],[-0.5830392937744494,54.095494379991756],[-0.5828329622795178,54.11304109351441],[-0.5948276581061498,54.12832594811868],[-0.582119572328457,54.13290835652282],[-0.5894144562593021,54.138266618100545],[-0.5682588210459092,54.14042823474209],[-0.5667606289956163,54.15087868930967],[-0.5745812099009513,54.151962596147385],[-0.5551445856515342,54.16258083620683],[-0.557683772317649,54.19456406568045],[-0.4117881224209347,54.21740142002848],[-0.35485396327501606,54.210525386346376],[-0.3186003986769477,54.21653979544418],[-0.29785050603581853,54.20410736660423],[-0.27707975860580236,54.204396631187144],[-0.2665187154310692,54.187472286291474],[-0.23348704369732357,54.16933531672668],[-0.09882344449806335,54.13580624475933],[-0.06973984070608406,54.12096506947168],[-0.07097732609745905,54.11201597084497],[-0.08759258592968973,54.10462494382747],[-0.16304077401754813,54.094824116847555],[-0.19522661641848638,54.071928963814074],[-0.20676644738563274,54.031357073911806],[-0.19653571721841687,53.990529185014054],[-0.15027569948356184,53.91027776300746],[-0.12107369903172342,53.87634188423379],[0.12070107123025658,53.66970688229308],[0.15262309010955386,53.617899262518065],[0.15500842635769788,53.599977542989436],[0.10907395491786401,53.568688124882904],[0.10308781328268321,53.5767894543092],[0.13822132466952636,53.6073716450418],[0.07636274318470791,53.63763385042814],[0.0334562569814509,53.64448392749554],[-0.05314702852789584,53.62507857637882],[-0.10326202207012236,53.63082287785779],[-0.23150741538522046,53.7068443766516],[-0.24560272180253526,53.72643300907277],[-0.28210596333916893,53.73727560477831],[-0.440713157596604,53.70963360061383],[-0.506992472526676,53.708842003461676],[-0.5141453987814474,53.70540332630535],[-0.5136732410049087,53.69205406224188],[-0.469230403746473,53.702712064406136],[-0.28154371813509693,53.716200509964146],[-0.2063574580897376,53.64782818342957],[-0.18146195323761005,53.634423382438435],[-0.15957043970930937,53.633326778811146],[-0.15556252336825155,53.62353063459355],[-0.09034048681373408,53.5867179765202],[-0.05444360524081485,53.585105148775995],[0.027255714756644185,53.52480770185172],[0.04216930169040968,53.530032983317874],[0.08852728459240054,53.520438285583204],[0.0963780411095922,53.513509367774446],[0.0911068740397367,53.50009453757301],[0.10430401161426128,53.497710086594154],[0.1011697306698482,53.50573828074236],[0.11333686449104195,53.50958820467576],[0.16021419494901382,53.49330088648693],[0.23768620442878122,53.4044845115574],[0.25116886696277957,53.37361986043627],[0.23290581725540896,53.36922646577633],[0.24066987101419712,53.358804030858074],[0.23574493093221996,53.35366419198659],[0.19734104913981176,53.33537381035763],[0.19702026740317077,53.329133370883596],[0.17549007807114916,53.32466708940841],[0.15616678284236393,53.301983379897955],[0.1305198364993732,53.29496370073054],[0.1535270833868089,53.28378295912402],[0.12745518612177886,53.26300176762124],[0.12649714127182715,53.250996788937506],[0.11125752983779909,53.25169404517306],[0.1078657356079846,53.260748490297054],[0.06282720139693838,53.26642246559172],[0.06591443194380692,53.2737806315636],[0.058512812106550516,53.27638396781385],[0.04964975115403867,53.271254289155884],[0.028359066774117966,53.279948760611724],[0.018773204141449323,53.277601104018075],[0.021708787186867366,53.270126418487166],[-0.03834876184284421,53.26846022682757],[-0.056403078385418616,53.28061553019203],[-0.056444373088246666,53.295013861997376],[-0.08756825137778847,53.31468699996217],[-0.11286605872584811,53.30424475408892],[-0.1335943413160201,53.307504885034284],[-0.14677500516972913,53.2944661966173],[-0.1873919221608074,53.303634017136154],[-0.21079193724126716,53.29827388842692],[-0.22319593681496078,53.320089902083794],[-0.21369558747470066,53.3229632351801],[-0.24494412974787552,53.33998582799466],[-0.2770855330550383,53.340451231409915],[-0.2994211414222942,53.32537577931507],[-0.31251043931636413,53.33210721128603],[-0.34548314452310624,53.32284014704281],[-0.35980400362264636,53.34104365012744],[-0.4421333451623606,53.33965166206599],[-0.469240571162234,53.34751675043567],[-0.4694778580493654,53.34089131230786],[-0.5417330541140583,53.33263661654931],[-0.6318661074488919,53.33141096033936],[-0.6321511698767628,53.32249897795643],[-0.6439351566137296,53.318049561951774],[-0.6383464815418524,53.31018388848116],[-0.6441412106155031,53.29801711458868],[-0.6970693754670899,53.299282528931585],[-0.6907799811905451,53.280507964081416],[-0.6775606267308614,53.27592450769898],[-0.6810890577659948,53.26318172011915],[-0.7122903737917783,53.25823034820507],[-0.712006712139365,53.267672756450835],[-0.7346311040891019,53.26527597785494],[-0.735129462820519,53.243920103248215],[-0.7709645275552587,53.24619461900016],[-0.7784465417957279,53.251974137294894],[-0.7700660064578022,53.25310664873508],[-0.7729962893590824,53.26105534618699],[-0.7641309545391125,53.27322734514702],[-0.7781685688428238,53.2838435928712],[-0.7632050405903521,53.29949176783503],[-0.7503438965791283,53.29416005283518],[-0.7497290043862712,53.32360892843338],[-0.7663794644180589,53.329845004204635],[-0.7567884225927217,53.3395477168868],[-0.7649375267532065,53.34589337179886],[-0.758943214707644,53.35397271523123],[-0.7741063223215865,53.36429319527895],[-0.7909599187146464,53.3634660746457],[-0.7751951273849254,53.37786752159442],[-0.7903560399635696,53.38570814759336],[-0.7764696812902004,53.39142215881853],[-0.7883820434432887,53.41494598217152],[-0.8183460100868136,53.427044537475275],[-0.8208632756344149,53.44051114041184],[-0.805670646966837,53.446970476312536],[-0.8041018797053012,53.45678347143003],[-0.8721871242959428,53.466331448360414],[-0.9162197029618567,53.460266707702694],[-0.9147761452294028,53.48628308976083],[-0.9279815280940009,53.496410133409334],[-0.9768488837894904,53.49683832642659],[-0.9898058557082213,53.487303287664865],[-1.0117667723533805,53.49029453435951],[-1.0192119979196332,53.48372105622519],[-0.9831656013587184,53.46794322286938],[-0.9958061489493413,53.436832059339665],[-1.0124429444929912,53.43267958877743],[-1.0400022266611106,53.409612326778685],[-1.0306590679372698,53.401536942415],[-1.0444034932890012,53.377360379523495],[-1.0409196855651792,53.368250180761294],[-1.0500003746172175,53.36289881255063],[-1.032910854584205,53.34870786750946],[-1.063896121483772,53.34135417825248],[-1.0586879353219238,53.3344278674066],[-1.0841709649643159,53.32630495569997],[-1.1036310042162027,53.326173632323425],[-1.1365787029692078,53.34044892017485],[-1.1847636040009566,53.32134129076335],[-1.2005935903101452,53.30435683907529],[-1.2359984240823845,53.31082790841611],[-1.24199858368114,53.302205392722605],[-1.2541305771674705,53.30192066949073],[-1.2913686749151094,53.309280874127445],[-1.295592303787947,53.32070598144724],[-1.2884969014930514,53.32619036788688],[-1.2989978346772348,53.33250813265233],[-1.3477886360295943,53.33001903419277],[-1.3716875378939852,53.34066740103518],[-1.3899502482007795,53.33591119882414],[-1.4110925040932605,53.341787135134275],[-1.4233329809061723,53.33709832984297],[-1.4138080038176792,53.31850017411627],[-1.423809610774826,53.31956539637172],[-1.4285428646608838,53.30852587468328],[-1.4479445596551042,53.3086373230273],[-1.4671116372957314,53.29254923324223],[-1.4537558680210667,53.28418852594367],[-1.5035465105969528,53.28536653514784],[-1.5244700995340374,53.309929925620914],[-1.592839060020268,53.30404878043705],[-1.6112074005509178,53.31167480344616],[-1.6111152517465046,53.32182060703244],[-1.6282200990030016,53.31646559300685],[-1.6328503411041568,53.32079001164381],[-1.6122061443981595,53.343129434805135],[-1.5906369463974945,53.34589976824748],[-1.6635749808532898,53.36664876724604],[-1.6542417033138876,53.3838524714729],[-1.6631582491106653,53.38387794091459],[-1.6733698034043607,53.369253346172194],[-1.670875009943941,53.34953519849068],[-1.6855055665043035,53.33561011736706],[-1.7606418356794518,53.3381393010743],[-1.801151536166956,53.318555505180576],[-1.8180040620142477,53.34689788708726],[-1.8482280793299926,53.34372253403715],[-1.8792784777003781,53.37368881933737],[-1.8583330385247772,53.387735094967816],[-1.9062660163847116,53.4112310618632],[-1.8640483811114814,53.42675461189261],[-1.8653519544465123,53.43669462203096],[-1.850325467148416,53.44724503074778],[-1.859023968036839,53.45908780979066],[-1.8129356316539056,53.468676136154336],[-1.8097666742092557,53.48092612268092],[-1.7812154480491245,53.4854112974976],[-1.7788613666196416,53.49743835665552],[-1.8168829611444417,53.512679542208026],[-1.82060134484457,53.521661883104926],[-1.8370308893457166,53.52079234913845],[-1.8691468330814736,53.539867892764285],[-1.9415713490839723,53.561886349476175],[-1.9940379650667484,53.6075200163632],[-2.0251036791049133,53.61950343379329],[-2.0290510621542293,53.63677915355533],[-2.039867101672077,53.64418280225458],[-2.034130756689825,53.66155712737725],[-2.050357584178041,53.669299972601884],[-2.0507900523791287,53.6836647981383],[-2.082540678597562,53.67259066533207],[-2.119063106873203,53.67311250337247],[-2.124892619233081,53.683562038559444],[-2.1432763101835035,53.68117126277379],[-2.1454140577165233,53.69523427216576],[-2.170528512863078,53.700908500732176],[-2.161863794418307,53.703770046474055],[-2.1694771877557337,53.72739397284011],[-2.1454151454320773,53.735924311052045],[-2.131096643274664,53.75390573149406],[-2.13389211952834,53.779938989566794],[-2.1242106035896624,53.7993834820226],[-2.045690157936969,53.8289426219298],[-2.0424484307847317,53.84860417065054],[-2.084342235395972,53.87040570456371],[-2.0781322891784235,53.876836481680414],[-2.0969771784194,53.89104314831476],[-2.12311056222019,53.88458607823422],[-2.174055210555854,53.8905273457918],[-2.210871817798953,53.87437143171543],[-2.2336742733025297,53.88114314715137],[-2.2196835965062425,53.894251418370374],[-2.241641726301832,53.92514788586264],[-2.2404419903007393,53.93459008117074],[-2.184388355415779,53.952289687601954],[-2.193301858214188,53.96413497892185],[-2.1943715913312727,54.007472719703706],[-2.172992246508819,54.013996962941],[-2.142790637441688,54.0082966977822],[-2.1438702885406875,54.02310917994624],[-2.1561876771845725,54.036158190506484],[-2.118879760720275,54.061581700874264],[-2.103022206337788,54.08372559184232],[-2.1201357576745243,54.109030832714694],[-2.192654794436988,54.133706523880356],[-2.2557045619512537,54.19004834935518],[-2.2892487980637237,54.2045668255232],[-2.254898568689638,54.229575040096],[-2.259524062215076,54.24704080731347],[-2.220880014261744,54.2510371469014]]]}},{"type":"Feature","properties":{"bsc_id":"SPOW","Name":"_N","Area":"South and Central Scotland","DNO_Full":"SP Energy Networks"},"geometry":{"type":"MultiPolygon","coordinates":[[[[-4.701601294236116,54.6650556426881],[-4.700356446453705,54.664993516379745],[-4.700415960797411,54.66355379561262],[-4.70242907812439,54.66350887358231],[-4.701601294236116,54.6650556426881]]],[[[-4.694238477369932,54.67331066810107],[-4.694852101550073,54.6732071125045],[-4.6956444167909,54.67345917290026],[-4.693499685317273,54.67386650165067],[-4.694238477369932,54.67331066810107]]],[[[-4.693559146054802,54.67476417179315],[-4.69433364024554,54.674746939504146],[-4.694387173057954,54.67555484196846],[-4.693314751252115,54.67575850052554],[-4.693559146054802,54.67476417179315]]],[[[-4.6908006610907025,54.67527500310486],[-4.691557340995672,54.674988486898],[-4.692051755816726,54.675426991321935],[-4.690848184264515,54.675993140657205],[-4.6908006610907025,54.67527500310486]]],[[[-4.7311824249131575,55.526039027057465],[-4.733707731131644,55.52589277007311],[-4.73460475424845,55.527400874010155],[-4.731617122390421,55.52773724615551],[-4.7311824249131575,55.526039027057465]]],[[[-3.1261308968656696,56.02548629981862],[-3.1264386336142636,56.02503422493892],[-3.1282266930629445,56.02582655714917],[-3.1269617332125277,56.02646709272094],[-3.1261308968656696,56.02548629981862]]],[[[-3.128313174542266,56.02879091193169],[-3.131040354911909,56.028765932988065],[-3.1379498942115847,56.03454281906772],[-3.1335153440278836,56.03656041334842],[-3.128313174542266,56.02879091193169]]],[[[-2.547416946568408,56.18068777211332],[-2.5626346320486864,56.185830483780705],[-2.563305837421253,56.19205373058623],[-2.5436929902825014,56.181629620999665],[-2.547416946568408,56.18068777211332]]],[[[-2.3831524228543013,56.43379214464513],[-2.384615418392468,56.434146981195845],[-2.3834984459540927,56.435947263883826],[-2.382032686807666,56.43532289913634],[-2.3831524228543013,56.43379214464513]]],[[[-2.855022972116612,56.44455891439586],[-2.812333570999086,56.45078587949017],[-2.7945328281565214,56.441355646417655],[-2.8017090879785944,56.39644502985291],[-2.8210850383762964,56.372850907346354],[-2.806339618951215,56.366581155656235],[-2.7949892818000914,56.349699791563594],[-2.768747538283717,56.338009954445404],[-2.6558788433601466,56.3225259716265],[-2.6226690755280626,56.29775430277183],[-2.581057945201665,56.28370483430657],[-2.5787689889404644,56.27545616651923],[-2.6787317695313226,56.220856867850905],[-2.7770393967666798,56.19584730861997],[-2.806872720254579,56.18078794059529],[-2.8711231141709965,56.183556233156025],[-2.886437022661472,56.190983326132304],[-2.8885031244646187,56.20085661473304],[-2.9100814720426604,56.205656335359734],[-2.966021673169282,56.20204363474719],[-3.0758006992475817,56.1378889685436],[-3.1391566573329013,56.113448352535215],[-3.153684061781587,56.07596856806491],[-3.168211575703855,56.06097122908187],[-3.229230369371765,56.04993993472734],[-3.2755012466771056,56.05258532351371],[-3.2879671200184215,56.03062609152561],[-3.2647076459435045,56.010253843885366],[-3.2724935413329015,55.99525522490577],[-3.205770576557873,55.98624155484817],[-3.1757678980241457,55.994675273641164],[-3.0885190052354474,55.95387425443187],[-3.016513911829587,55.95741642216871],[-2.970615851386588,55.97458554590924],[-2.909492720998691,55.98449515841724],[-2.8936173911060252,55.99750388521266],[-2.893862207720576,56.01403349065033],[-2.865820262732199,56.01779009041683],[-2.871173719990392,56.03942152830005],[-2.843979617719628,56.045825103934064],[-2.8173873561086316,56.07143473420425],[-2.715793434822692,56.07983413435245],[-2.666300199974692,56.0642509178755],[-2.635604462896298,56.08356659811742],[-2.5982971852964245,56.035298316221315],[-2.574341507351598,56.02620491983225],[-2.575871534187366,56.016081026603665],[-2.552776665811779,56.00820160615434],[-2.5120540661554194,56.01056104879343],[-2.4402517773924743,55.99204347383135],[-2.377594476456215,55.95541618914428],[-2.325749499980158,55.93675745018292],[-2.261091759344989,55.92952937728504],[-2.2191806195122004,55.93691122212068],[-2.168765600219148,55.92149667319191],[-2.131323071277136,55.92057210838907],[-2.11590840409024,55.8883344658542],[-2.0676291235324595,55.87521579914271],[-2.058640423671658,55.846929268533046],[-1.9917753686733441,55.78837319924039],[-1.9777681492071255,55.75727937507381],[-1.9489347955247103,55.735592929623365],[-1.8745399796162079,55.6985571358239],[-1.8263538771032457,55.68950583335574],[-1.7751546236789744,55.690970779998395],[-1.7721488640177683,55.65933555774929],[-1.8061428631895902,55.662654344905704],[-1.874998687724521,55.631907730264814],[-1.9138742845002592,55.627244757401236],[-1.930541894247401,55.63334418045866],[-1.9809960552121695,55.616971142475315],[-2.035730350255487,55.63097113193937],[-2.041732626262957,55.6181055599673],[-2.0614850570874683,55.617035068286086],[-2.0564554596099085,55.611751615803925],[-2.06971173534205,55.6066130335637],[-2.06938409994592,55.59279234339201],[-2.0954068639551737,55.59513270905679],[-2.139949176698859,55.58095138634813],[-2.1591343484908925,55.589530643863654],[-2.1578909640928634,55.599905231514285],[-2.196557342235017,55.606649040102965],[-2.2434757068802256,55.5559204225428],[-2.23239633981481,55.54502037035559],[-2.2345050546555076,55.51592163908667],[-2.2027506001885984,55.49071135213617],[-2.2057317985479434,55.48274526196295],[-2.165266721051099,55.469939467472024],[-2.189003778928573,55.46224045812207],[-2.193832676431432,55.444028272379796],[-2.231117126513043,55.429667481042486],[-2.270008568836825,55.43021674855906],[-2.309984691251377,55.40772985649404],[-2.3323814746442437,55.40990841798798],[-2.3449711820968857,55.399279499199196],[-2.3300570775202503,55.3811787020219],[-2.345909932301927,55.37299385010687],[-2.3373372833916215,55.36688960003317],[-2.3816097682098336,55.350845671732216],[-2.397047033076424,55.34908918384568],[-2.4152877272935793,55.35918238640926],[-2.478813507060489,55.355715073436606],[-2.51991567719645,55.32319826532228],[-2.5590184881776286,55.31786767203725],[-2.5572733014621862,55.31140584572139],[-2.5733702331501442,55.29690901632619],[-2.609164107658506,55.28331073173552],[-2.626732333107324,55.262221659508924],[-2.6424102329860863,55.260612522754855],[-2.611445383776703,55.247364553331565],[-2.6306685903359033,55.244499022581365],[-2.6314711556630344,55.22369228756433],[-2.6655111569319505,55.22121987204194],[-2.704276912434205,55.17328601851917],[-2.7329148118689615,55.16817481109881],[-2.7913942567711025,55.14058090214693],[-2.8252977978464244,55.13994261885545],[-2.8327998518016964,55.13257674352045],[-2.8279277588832397,55.1245222895257],[-2.8719137046408103,55.10651232475708],[-2.8977645723979726,55.07801737055663],[-2.939864746143136,55.06988143924539],[-2.940415779826106,55.059992062758155],[-3.04959178862915,55.05595433238804],[-3.052516958829751,55.04811073370297],[-3.025146767046296,55.03666179145595],[-3.0488610995207406,55.01003899699763],[-3.041568917435319,54.99957827998472],[-3.0758217520104134,54.97527826433576],[-3.110365806574512,54.97295800270959],[-3.145206003116002,54.960045833577055],[-3.2042883034533745,54.971735187265594],[-3.2678127014023266,54.9617389939064],[-3.321448017753322,54.97337508460084],[-3.3719342967194335,54.96754901770979],[-3.4308637334715932,54.981499358014666],[-3.4595103515509225,54.96774171785009],[-3.509624114637585,54.96063483560661],[-3.5375136065010833,54.9643271348508],[-3.568709468329917,54.98189886458046],[-3.5798829378010493,54.93609149737862],[-3.557030028955698,54.90537837953574],[-3.6197786980361046,54.84905431264194],[-3.6376289646981212,54.85080730562527],[-3.648701997124575,54.87447556071587],[-3.7053575544830855,54.87892134049578],[-3.780704408694536,54.84891311979959],[-3.8331815902258506,54.81283958461612],[-3.934958356395087,54.78301884316698],[-3.9665366612706854,54.7660804792189],[-4.086975106176553,54.760072011003345],[-4.124692867031185,54.77358039032681],[-4.1585952905301795,54.77500082799788],[-4.271556824108623,54.831906222665545],[-4.366287992272139,54.85919894236067],[-4.389419076260066,54.87624764177578],[-4.391879103274987,54.88762852038168],[-4.40473320185517,54.88826591531738],[-4.426124637599341,54.871192262913056],[-4.4046706288524184,54.83089435343048],[-4.349591820235852,54.81679697642922],[-4.334029329027446,54.79914386286286],[-4.352302369528309,54.78211316587066],[-4.347758411788718,54.7578939198774],[-4.35666499320234,54.729427232117104],[-4.34369535106116,54.71755593645764],[-4.342976135179903,54.705942783964396],[-4.37539583623385,54.678350267779095],[-4.404531743826397,54.673245537615614],[-4.500140756010588,54.70055339893231],[-4.5484151753325754,54.72122466466812],[-4.553449307615021,54.730218564334685],[-4.57522329688954,54.73383884851307],[-4.601862983623096,54.76973557020569],[-4.683239741296288,54.79982344085531],[-4.711975768818572,54.81908513318092],[-4.784452975743533,54.82867515863607],[-4.816667388366508,54.857075994067124],[-4.841964536561912,54.85979771754736],[-4.929111286421269,54.82781142818342],[-4.950805355564417,54.807856074868795],[-4.911033040110746,54.74503359093819],[-4.895969919420225,54.70405304219984],[-4.85918240219412,54.68267073370511],[-4.874623559411076,54.65460200955239],[-4.868657383857282,54.643042165252176],[-4.844128024372007,54.63570142142203],[-4.878149739054193,54.62902401588631],[-4.928004594932622,54.640320371555255],[-4.970675845666209,54.662017864050114],[-4.982281885893896,54.68473971791712],[-4.962103344455213,54.701035208312135],[-4.970205788022145,54.725094203118964],[-4.996597343378106,54.73141839213793],[-4.998379167289827,54.746875899952464],[-5.0132244087311015,54.75837102901341],[-5.0090784880335075,54.77046889700485],[-5.146795214150381,54.85055418393797],[-5.166360151663256,54.887071155039486],[-5.190433249002689,54.91060975585441],[-5.194842634414241,54.95060268997959],[-5.187398235179413,54.96674108119571],[-5.192857850647805,54.975597518403994],[-5.1742013474684105,55.00315467814762],[-5.164641732117714,55.01202920423467],[-5.10560695147007,55.022775627634715],[-5.085459963596187,55.01710520197924],[-5.050258857977891,54.9674717333142],[-5.06435614882512,54.96057591859159],[-5.054394097283146,54.927982507783184],[-5.031771004857944,54.91520364274313],[-5.0011548936653565,54.91666969366668],[-4.999697737696219,54.927514694840525],[-5.014665839130422,54.954185863620225],[-5.0339936373885665,54.96974010963435],[-5.06767356203611,55.0266528642747],[-5.056494459466941,55.05580244563954],[-5.009191431578896,55.112340656317485],[-5.003644324702051,55.140482030752814],[-4.944991628857733,55.17009713573745],[-4.91695326821137,55.199894251098215],[-4.872762168571816,55.225920540795734],[-4.866895601289598,55.251958206672484],[-4.843044699689266,55.28415483733853],[-4.851548476059166,55.32507181663882],[-4.779849070663379,55.36333781334607],[-4.77301688374377,55.40384109458526],[-4.736709293969625,55.42903624537542],[-4.654389863655421,55.44561897161712],[-4.6518650061723505,55.47006151469352],[-4.635631700729032,55.47946088555949],[-4.627575827866339,55.49673196865395],[-4.634820854510313,55.51337783948551],[-4.662648201922835,55.53435771873489],[-4.694425350566431,55.545462421587864],[-4.690182256932692,55.554944791726804],[-4.6640133902650955,55.556333791216424],[-4.668730632059915,55.57568087177048],[-4.688766356597434,55.59527760838844],[-4.762801874784155,55.625844093334145],[-4.792275089594528,55.62408940803672],[-4.846223198013121,55.64016627558704],[-4.873022992142573,55.68138571737387],[-4.930106215082183,55.702312379245534],[-4.920809250621405,55.72566455478566],[-4.893697114286206,55.74826774992237],[-4.878267275319102,55.77574027265856],[-4.890144388221441,55.79910619530316],[-4.953040002796533,55.82744422774369],[-4.933282525623414,55.85609891256804],[-4.926087307520444,55.895503152894996],[-4.904716386977934,55.937302955808434],[-4.869196207352965,55.97085900645141],[-4.890309219747195,56.05818430980139],[-4.8220616488682255,56.13761989855944],[-4.79331692683869,56.127430873849974],[-4.783323963883122,56.10940989755593],[-4.702087044183394,56.07723937298107],[-4.67345785252083,56.023573888909034],[-4.646151094279727,56.02793813816947],[-4.639632012817858,56.035897639536884],[-4.617823083264136,56.03627273613737],[-4.601555526908924,56.02023172064183],[-4.561908963986825,56.02990860246119],[-4.512688524567708,56.02749019506332],[-4.4002741918081165,55.994682870543855],[-4.391117274608292,55.99701790642425],[-4.389932800069166,56.014757472703984],[-4.375183545647497,56.02310405382894],[-4.348631534289916,56.02019846313015],[-4.281160027717313,56.030647678676885],[-4.257006892521638,56.01723379243846],[-4.220780186358113,56.01980595207858],[-4.196542394199345,56.00892535646718],[-4.163651859308058,56.03033901436364],[-4.152379229025141,56.00804176348074],[-4.134107473849899,56.00685861020066],[-4.0987032605180795,56.02247459729849],[-4.112681950992773,56.025740775134395],[-4.110197773925092,56.03315258913223],[-4.126241462389044,56.035932570614634],[-4.132530051947858,56.0451704210137],[-4.117537988452376,56.05872934790877],[-4.128984334877692,56.06823821153815],[-4.103808966644162,56.09859623024619],[-4.05887298756113,56.11220493053919],[-4.0376508227139185,56.13062017823764],[-3.9861696846735355,56.12148382153335],[-3.9756861862740958,56.13351419906892],[-3.9819553389741387,56.14275972248566],[-3.9490752073762057,56.14508022057495],[-3.954538415088553,56.17024576451109],[-3.947942253414857,56.173585026628096],[-3.8812550294726895,56.196724397042416],[-3.832339999767353,56.19142042556358],[-3.7808847403532386,56.21723449357046],[-3.7508560643721323,56.21086093240476],[-3.736825813089116,56.1890611831596],[-3.6864588556964466,56.19586002461331],[-3.6676861833115213,56.18927646658742],[-3.6517666163940157,56.203193577725735],[-3.6364375865025353,56.197556662387576],[-3.6193006420153284,56.205510055758964],[-3.574755011169772,56.194448972744595],[-3.597866537034672,56.18010771123022],[-3.5921350815676854,56.17436790317872],[-3.6478694053758027,56.15968230642144],[-3.636635922926777,56.1511153472618],[-3.644590429741453,56.14663360029537],[-3.63593212234748,56.13228132605968],[-3.5809487938573423,56.13931434265817],[-3.582888805391621,56.15088113374061],[-3.5662327223314376,56.15933331852347],[-3.5450848666882986,56.15798214910846],[-3.5400031746502965,56.14647202782302],[-3.525437568313791,56.14489154770761],[-3.4521897953657086,56.14969198926344],[-3.4171189363610734,56.138480976335536],[-3.3693024112883783,56.14558862919726],[-3.3716799611385215,56.16443165015387],[-3.3412826807379847,56.17384952264597],[-3.305978279072463,56.1672999422365],[-3.29291470864095,56.1734484677933],[-3.308745516877046,56.185205345696716],[-3.260002223569219,56.19589205812929],[-3.275511117180825,56.21497039194017],[-3.2664895528102518,56.219618606347645],[-3.290247614290109,56.22500676397113],[-3.2826158263781795,56.23457451251583],[-3.367497757485766,56.239739341219476],[-3.3503104735950067,56.25568829662329],[-3.381669537748012,56.267651966375574],[-3.3356501926899234,56.28940718093106],[-3.3248556336270667,56.28280225578509],[-3.2921904614406454,56.28892498798789],[-3.3001122130516363,56.30954378279079],[-3.2944137399538818,56.311679036381264],[-3.300743566098139,56.314326216825954],[-3.266456892371909,56.328069305782314],[-3.2729281287070426,56.33396904577115],[-3.2560664024599886,56.34013416311291],[-3.2559657657014918,56.3464246881093],[-3.2786754053147984,56.350709214358766],[-3.2766316987521376,56.35630761586292],[-3.2103423681451995,56.365937024247714],[-3.040355868583987,56.420574554415516],[-2.9941813948517444,56.426396209421],[-2.9233394723266057,56.45606405934539],[-2.8756474547496893,56.45686788770743],[-2.855022972116612,56.44455891439586]]]]}},{"type":"Feature","properties":{"bsc_id":"SOUT","Name":"_H","Area":"Southern England","DNO_Full":"Scottish and Southern Electricity Networks"},"geometry":{"type":"Polygon","coordinates":[[[-1.1130476440671273,52.01648155511406],[-1.0529722728341662,52.00233320582508],[-1.095235771513737,51.95715907274993],[-1.0787554284873113,51.94340376991371],[-1.054552378788436,51.94794689508046],[-1.0621193259897403,51.93527496502141],[-1.077586780785816,51.93180566530871],[-1.0706542990457244,51.927388396702916],[-1.0865107461862193,51.92265114923555],[-1.079325404286574,51.917213240557004],[-1.093505276814536,51.893936223670146],[-1.0581273480782751,51.88553259187681],[-1.0569752340786667,51.8757239954045],[-1.0692632508486704,51.874650824424],[-1.0598237401404011,51.84316737186451],[-1.0724052604673964,51.84313578944842],[-1.0726226121863947,51.83403041381903],[-1.092345157175611,51.83446587830115],[-1.121665908111496,51.84536105109117],[-1.1406320074576257,51.83430237665443],[-1.1099822155261667,51.81727637001544],[-1.1249222894650621,51.80752336806724],[-1.117404380241869,51.79917795428415],[-1.1220251728168207,51.78704391124941],[-1.0806871675118028,51.772835177954],[-1.0808575379029393,51.75654965956914],[-1.0314391750386092,51.743453628119035],[-1.0203461510450609,51.733916657245615],[-1.0272344749839828,51.72062855511454],[-1.006480304335057,51.72237640583448],[-0.9824357995707583,51.71340315940229],[-0.965334504366592,51.72182213278424],[-0.9602947690166354,51.73472970592319],[-0.9506044285026252,51.733476486323624],[-0.9067382395423857,51.68374469967176],[-0.910191162006885,51.67630435988528],[-0.8954747706092996,51.67236666365548],[-0.8772874225681483,51.68116119626631],[-0.8332366281762358,51.65704779855201],[-0.8035286370707273,51.656760710802025],[-0.7900598863565417,51.66971790085907],[-0.7905482800083438,51.68180149873968],[-0.7732121204159851,51.69455111299175],[-0.7534008839886391,51.68931726273566],[-0.7424664814791475,51.69424228460023],[-0.7311449272048431,51.675607826123745],[-0.6920028837991737,51.65494730628133],[-0.6716717122717972,51.654734985100305],[-0.6718952020655811,51.646260651115405],[-0.6572649181110761,51.64609429478134],[-0.6576058381748578,51.635663321398795],[-0.6222659790325016,51.6289316922788],[-0.6088625311101629,51.62860997780921],[-0.5997974658434483,51.635806691073306],[-0.5993595647956614,51.65002161577016],[-0.5849257903678715,51.64984859156284],[-0.5578231113521709,51.66748336967454],[-0.5218206141949636,51.65451383721129],[-0.5392395078963815,51.63804231576628],[-0.5196743954094744,51.601077695518754],[-0.4966960965640066,51.60140306171139],[-0.49642601657650176,51.631762512424366],[-0.4507398125395073,51.60979658320638],[-0.44801514183448715,51.59656836907854],[-0.45693353792738634,51.59326095808229],[-0.43805954872290476,51.56989496113439],[-0.44286837650987915,51.56532807071899],[-0.4344349293051465,51.560345794640874],[-0.43669830230072715,51.54767997157509],[-0.39527812407606583,51.54253782829736],[-0.39868549725244257,51.54789006791659],[-0.3475604985295279,51.559642131250335],[-0.3080313339686187,51.546162826794216],[-0.3074658546550925,51.53309547842832],[-0.28039902240086245,51.5283423314713],[-0.25078224851048314,51.53414456254877],[-0.2434710419906203,51.52680427885593],[-0.25055103684877267,51.51948157210229],[-0.2456571264112206,51.504549363384854],[-0.25464307524454755,51.50394132323179],[-0.24421154822471353,51.48843623654295],[-0.2553335558947583,51.472856395505964],[-0.2941419884445683,51.486286513660346],[-0.3212701634567524,51.46923281095018],[-0.3172484007988739,51.45879510211867],[-0.3742131469874894,51.45679875181893],[-0.38668268249549653,51.4482493620133],[-0.3672759056250301,51.44170805188348],[-0.3879568939449679,51.42857264796172],[-0.3820285985567104,51.40789589546948],[-0.409601153436736,51.404036022840394],[-0.4206323074709065,51.3916712381457],[-0.4629971007803066,51.40754313639628],[-0.46277721990759707,51.423465624190314],[-0.4893017536441446,51.42745200194152],[-0.5117009370450074,51.398692085538954],[-0.539724524407213,51.40270020884351],[-0.5645060849775105,51.384762242900386],[-0.5924917280241673,51.37710292807438],[-0.5734447312420634,51.3701582960503],[-0.5695227930149647,51.36019285342985],[-0.5549258636834683,51.361412733582405],[-0.5479397622341321,51.34751683619296],[-0.5758876754814382,51.33592847833426],[-0.6129907105735586,51.34027364464296],[-0.6173502661919548,51.33399058087966],[-0.6398465355002809,51.334406750350034],[-0.6510207616525926,51.315066797882885],[-0.686825322061404,51.31351478899273],[-0.699771588314324,51.29742628961366],[-0.6910175841364341,51.27641883035434],[-0.6663391648243575,51.267966291519954],[-0.6311544182484896,51.27768085894321],[-0.6329930074507523,51.268522084325404],[-0.6586742348112773,51.256474482806176],[-0.6389268369559845,51.23827862736318],[-0.6417564106284515,51.22985601407942],[-0.5850026010113109,51.19885316444809],[-0.593806644754754,51.191504320588976],[-0.5749031910183079,51.18384559441413],[-0.5826153815977868,51.17404747436633],[-0.5714965045428054,51.15591266548782],[-0.5810048257189375,51.150206503224716],[-0.5755775927194832,51.14365099494542],[-0.5930068667349481,51.09279841422424],[-0.5389721227702681,51.08305969664508],[-0.5352524454690991,51.09387010444923],[-0.5042061273064063,51.08881863621816],[-0.39375157546259104,51.10859584989498],[-0.40200817277833006,51.09428120521099],[-0.36559484332635567,51.08612469970381],[-0.3725007661382725,51.08315500819383],[-0.3681573148639334,51.074584163846964],[-0.37585028716334196,51.07350725700212],[-0.36618818389018437,51.044673969462345],[-0.3810106544805491,51.022811890314294],[-0.4017416749777275,51.02039746521824],[-0.40802597797643086,51.00115220130871],[-0.42598228513667846,51.00624202373085],[-0.4430455289966707,50.988073343242924],[-0.506224133720368,50.99683411565606],[-0.5070444289638171,50.990596403411644],[-0.5235263929444491,50.98854438475983],[-0.5336141012617,50.94938482624553],[-0.543613465727388,50.94753104582944],[-0.5464714640600211,50.95405351270518],[-0.5670320131915937,50.94287679066486],[-0.5649974268111486,50.93240111105813],[-0.5348462841670081,50.91368694321311],[-0.5504941638288181,50.912326808305885],[-0.5540639462287889,50.90415304925203],[-0.5420133858806714,50.8905154040841],[-0.5582779717325886,50.88950425447114],[-0.5552353423202049,50.88249896640297],[-0.5235616852965208,50.88311291743667],[-0.4994559638663618,50.89947165235988],[-0.49180901876486427,50.88526912026072],[-0.4854628892280399,50.89766517314376],[-0.474157479617886,50.893951281092185],[-0.4800029423044119,50.87643712609132],[-0.49711330385467,50.86370003447288],[-0.4980715761387397,50.84653268078448],[-0.5089620347116516,50.83964703389626],[-0.5002881469130237,50.836364428403364],[-0.5097259468300699,50.828930498761714],[-0.5765429401572747,50.827750572007375],[-0.5719753883036404,50.81617381311634],[-0.5629117464346806,50.818500482219235],[-0.5377953655883098,50.797403682526145],[-0.7220543643061185,50.767777238277986],[-0.7885818557976813,50.71800113893744],[-0.8421483806647923,50.74746082773929],[-0.9013946291819666,50.768255129384194],[-1.0221316793506923,50.78122713383226],[-1.1429606857675718,50.76973897013078],[-1.1918029852054657,50.78582379434907],[-1.2223667846921498,50.80717725464238],[-1.2940809955847488,50.82980414518841],[-1.3022186055348646,50.8124888882191],[-1.328236062771165,50.79119132141736],[-1.3104833704131602,50.7746261249835],[-1.2666780347220152,50.76907084468721],[-1.2334179781069468,50.74865085304611],[-1.1983924701571886,50.7384281162821],[-1.1540965528020626,50.744217708885614],[-1.144437391503348,50.73437099815755],[-1.1033600016249128,50.72510221442262],[-1.0893930407519707,50.701159372911384],[-1.061688684937161,50.68594104439231],[-1.093354713895819,50.66220958262575],[-1.1263451680981404,50.65917435508693],[-1.1529903796361136,50.647140199439946],[-1.175749130514394,50.59642177243809],[-1.2956269736067172,50.570526171360044],[-1.390481952553401,50.62243653719119],[-1.4511325762010103,50.64057317417387],[-1.4869235553915083,50.66233163573234],[-1.5873885571380721,50.659418004835615],[-1.5889328864809096,50.66573813722699],[-1.5525740909391958,50.68523781245535],[-1.5863756413517023,50.71436920909232],[-1.7011551658831305,50.73153768591077],[-1.7241364987114094,50.72802388581131],[-1.748344865762262,50.707935346983994],[-1.828901403215401,50.7158601985296],[-1.9076968550359177,50.70013450102354],[-1.9362945147554076,50.67935945244454],[-1.9429983753389881,50.6513867559785],[-1.9171960891764468,50.64054906946367],[-1.946328778991605,50.62010915353488],[-1.9377413687350005,50.606945444321326],[-1.9458234900632378,50.59202869045257],[-2.017001855509206,50.584566071899566],[-2.0493419844010012,50.572089151963695],[-2.077252770041487,50.58944942360933],[-2.1963033002857353,50.61733726943517],[-2.2415759655979417,50.61186768094557],[-2.384429578491267,50.631393051740254],[-2.4221979832506144,50.63009173002396],[-2.439325144553009,50.61586024569424],[-2.4049488889214143,50.58582566173791],[-2.4061391359649806,50.54771501002101],[-2.435023603488318,50.51807672972829],[-2.454966993815468,50.50863367348281],[-2.464415090281963,50.51852894938285],[-2.4555489144172915,50.55643030570656],[-2.4781280547783204,50.57594069527005],[-2.576447042112631,50.63153445679155],[-2.6915800528552816,50.680593664381774],[-2.677680221442159,50.70740335466123],[-2.6624956346637103,50.70942269787104],[-2.6660860082405597,50.748042796135586],[-2.6471213375793563,50.75297967029744],[-2.631042363069152,50.74630574993421],[-2.647387967381295,50.77229834585796],[-2.6398769714837775,50.78006784473878],[-2.6445804587344792,50.78970197790699],[-2.66132240063256,50.78815922931097],[-2.672210755782324,50.80355301580961],[-2.6905307853551954,50.805377981380346],[-2.6952257432011955,50.81356111025957],[-2.6839675121669835,50.82570266874312],[-2.6969301420161784,50.825625936040076],[-2.7024706923499497,50.83911668396998],[-2.7268327432007218,50.83606943046649],[-2.735358779625812,50.844709982429364],[-2.6801298149253006,50.87643982506156],[-2.5985569185628097,50.88509768266594],[-2.611095176326782,50.90966529004198],[-2.6438280416809397,50.921592803152144],[-2.64184863173183,50.92937577796263],[-2.661625069605144,50.92846097152855],[-2.6671615513286047,50.96248851183151],[-2.6909320023776924,50.965868551986205],[-2.689982943740529,50.97491219995827],[-2.705325788431941,50.97771846270565],[-2.691706645408797,50.98794264698395],[-2.7027034246709056,51.006713442133425],[-2.6888820188271536,51.00389786562116],[-2.668437667760312,51.019472149810845],[-2.659912250184635,51.01227587893945],[-2.6555368142736713,51.02775596530813],[-2.6197040015886337,51.04002608814223],[-2.6012316640261193,51.03336088918978],[-2.5967478114968543,51.042077527649624],[-2.585268949679563,51.043101558654314],[-2.569441780059228,51.06443083219718],[-2.5917239196928965,51.06866691269649],[-2.591877995101271,51.08074056411296],[-2.579616707845816,51.0812849963888],[-2.5942400201708162,51.08555833732018],[-2.585166610926217,51.0957466186433],[-2.575082284727563,51.0866201365869],[-2.5490450978874617,51.08964322777269],[-2.4817867929763238,51.11167366836407],[-2.5033689936531047,51.12075918591539],[-2.4690177786394574,51.13877198670969],[-2.4691500235187425,51.15181162965904],[-2.444721184335077,51.166879114029314],[-2.4455871331209567,51.177018114968305],[-2.4058634642861954,51.20324285064955],[-2.409835925293587,51.21771788626189],[-2.362282805416925,51.233812578090884],[-2.3740217824534033,51.25840657602914],[-2.392539425331014,51.26365845489584],[-2.40426403100422,51.2839027587073],[-2.3612743884606466,51.301429792390444],[-2.3343101939601545,51.30150993035039],[-2.3475567735086496,51.32127245720017],[-2.3238647494258187,51.34983456691358],[-2.2930652832405714,51.3576429305862],[-2.2838867435707524,51.3702222229138],[-2.2894370470848515,51.39387306511435],[-2.2718452667663347,51.42144311009675],[-2.2954020443202507,51.42635058523853],[-2.285202332606181,51.45775930963675],[-2.2957286781820425,51.458631826734745],[-2.288759773609257,51.478035515680354],[-2.291382659528167,51.48737320418031],[-2.3038755752004834,51.486043917592575],[-2.304041954345559,51.50421533386444],[-2.252491125746753,51.52699449882687],[-2.266419535819242,51.53600250583183],[-2.261607362247252,51.543818601376536],[-2.2675876648725106,51.56293477245733],[-2.260494185673497,51.56996232647037],[-2.2757879193498924,51.57332426648924],[-2.2674756824169067,51.58258259130123],[-2.2451590552278273,51.58138794119765],[-2.222387117101921,51.6220739874458],[-2.2549625071269026,51.63044126679608],[-2.2516279899485285,51.635235891434924],[-2.186792573647003,51.636092444749536],[-2.179561535772773,51.64593497802702],[-2.1826449318565997,51.66158086714532],[-2.172996381981377,51.665647479666916],[-2.0806424876656164,51.653513640701625],[-2.0572047185395625,51.67231778931325],[-2.0421139205069543,51.66275287539326],[-1.9881134459740513,51.66911609118993],[-1.9868471188673236,51.69057067431921],[-2.0045410410650137,51.69896939820597],[-1.9998887873022342,51.7116677475072],[-2.0533549993908657,51.71610760919248],[-2.0558272418893933,51.73378806398623],[-2.03037382025037,51.7479441758621],[-2.0183742542355434,51.74588000976575],[-2.0171406947142283,51.75644355414089],[-1.9984452251556826,51.7659297128418],[-2.0265738293159266,51.794791195247996],[-2.0186475168791134,51.81283798908582],[-2.026492331422064,51.82233511585828],[-2.025828139922793,51.84838120289799],[-2.0334597568024213,51.85464037928098],[-2.0253714274975994,51.86347402951892],[-2.0015454000430415,51.86521368895528],[-2.001568103109975,51.876397747390136],[-2.0186643745081536,51.878564642177295],[-2.0097023906802503,51.90578594751516],[-2.000523912356101,51.904095738333645],[-1.9941046798855702,51.915010872943064],[-1.9374524340221513,51.91005960778535],[-1.9364048819197222,51.91999265251297],[-1.9250491799826581,51.92105272909698],[-1.9180460649760491,51.9019835759059],[-1.9272414218952023,51.89641649427965],[-1.901778608993049,51.886971153485334],[-1.882294128642035,51.89438156681548],[-1.8651493399885777,51.88648664266118],[-1.8507209220703562,51.86410832273022],[-1.8318102623200692,51.86738645466366],[-1.810254310711899,51.88510685100832],[-1.810579544539507,51.89537542899189],[-1.7682426074806121,51.887348200558414],[-1.7301953324129478,51.909715242847426],[-1.6926977607852565,51.908104269816704],[-1.6455325718272638,51.92234182293983],[-1.6152659385385681,51.93784521292982],[-1.62336711104791,51.947361703080844],[-1.6104214405894761,51.956947049110106],[-1.5808874231130297,51.972934206795784],[-1.531438903735723,51.98504618619479],[-1.522943939487878,51.996714731510394],[-1.4952934132128886,51.976181084243834],[-1.4379947659180874,51.98796137220657],[-1.409873679595989,51.97258847210926],[-1.3646409863890292,51.984649269815876],[-1.3583824900741497,51.97700737243886],[-1.359957697537332,51.98774574397565],[-1.2964446207463662,52.001492824662144],[-1.2833552503756886,51.99962510243312],[-1.2888165780726355,51.9896917528199],[-1.2826676345815264,51.9793388831008],[-1.2306014890366812,51.99493591747024],[-1.2184914406427916,51.98031531634542],[-1.1973403939292924,51.97733749433811],[-1.1341140244871954,51.99813636936692],[-1.1130476440671273,52.01648155511406]]]}}]}